scenario_name,mode,seed,split,start_x,start_y,target_x,target_y,num_steps,reached_goal,min_dist_to_goal,final_dist_to_goal,mean_speed,max_speed,mean_subgoal_alignment,plot_path,telemetry_path
straight_corridor,direct_latent,0,medium,0.0,0.0,0.0,3.0,32,True,0.98099191462612,0.98099191462612,0.11343283234110657,0.21494735794826306,0.44118601294037635,results/experiments/straight_corridor/straight_corridor_seed0.png,results/experiments/straight_corridor/telemetry_straight_corridor_seed0.csv
straight_corridor,direct_latent,1,medium,0.0,0.0,0.0,3.0,31,True,0.9489636959371596,0.9489636959371596,0.1015899464024104,0.20878171372015777,0.5415802790941373,results/experiments/straight_corridor/straight_corridor_seed1.png,results/experiments/straight_corridor/telemetry_straight_corridor_seed1.csv
straight_corridor,direct_latent,2,medium,0.0,0.0,0.0,3.0,23,True,0.8471079353860992,0.8471079353860992,0.10213310728694341,0.23005630384805484,0.7698397686798822,results/experiments/straight_corridor/straight_corridor_seed2.png,results/experiments/straight_corridor/telemetry_straight_corridor_seed2.csv
straight_corridor,direct_latent,3,medium,0.0,0.0,0.0,3.0,23,True,0.9028368093533862,0.9028368093533862,0.10805262927887317,0.22980402999823984,0.7456825409936573,results/experiments/straight_corridor/straight_corridor_seed3.png,results/experiments/straight_corridor/telemetry_straight_corridor_seed3.csv
straight_corridor,direct_latent,4,medium,0.0,0.0,0.0,3.0,31,True,0.9750541241551511,0.9750541241551511,0.09478348792042973,0.20427286805148895,0.49075346308251533,results/experiments/straight_corridor/straight_corridor_seed4.png,results/experiments/straight_corridor/telemetry_straight_corridor_seed4.csv
straight_corridor,direct_latent,5,medium,0.0,0.0,0.0,3.0,23,True,0.9551514503638108,0.9551514503638108,0.11223748577676491,0.2523513452222112,0.6556783484485519,results/experiments/straight_corridor/straight_corridor_seed5.png,results/experiments/straight_corridor/telemetry_straight_corridor_seed5.csv
straight_corridor,direct_latent,6,medium,0.0,0.0,0.0,3.0,28,True,0.9642569396470951,0.9642569396470951,0.10199632274397791,0.16581385002749308,0.5587141403358384,results/experiments/straight_corridor/straight_corridor_seed6.png,results/experiments/straight_corridor/telemetry_straight_corridor_seed6.csv
straight_corridor,direct_latent,7,medium,0.0,0.0,0.0,3.0,23,True,0.8661543349509588,0.8661543349509588,0.11989862956371389,0.24686220688408964,0.5838815201803672,results/experiments/straight_corridor/straight_corridor_seed7.png,results/experiments/straight_corridor/telemetry_straight_corridor_seed7.csv
straight_corridor,direct_latent,8,medium,0.0,0.0,0.0,3.0,29,True,0.9687359756881732,0.9687359756881732,0.0883386857453366,0.2198749942767886,0.6088685309516925,results/experiments/straight_corridor/straight_corridor_seed8.png,results/experiments/straight_corridor/telemetry_straight_corridor_seed8.csv
straight_corridor,direct_latent,9,medium,0.0,0.0,0.0,3.0,32,True,0.9075198334547284,0.9075198334547284,0.09459565017741567,0.212765748986026,0.5508195851922558,results/experiments/straight_corridor/straight_corridor_seed9.png,results/experiments/straight_corridor/telemetry_straight_corridor_seed9.csv
straight_corridor,direct_latent,10,medium,0.0,0.0,0.0,3.0,29,True,0.9460823920600416,0.9460823920600416,0.1113654353399646,0.2082536821490713,0.563274097343746,results/experiments/straight_corridor/straight_corridor_seed10.png,results/experiments/straight_corridor/telemetry_straight_corridor_seed10.csv
straight_corridor_2,direct_latent,0,medium,0.0,0.0,7.0,7.0,140,True,0.9654771159734689,0.9654771159734689,0.11726698010066662,0.3024254381513986,0.4978629804392065,results/experiments/straight_corridor_2/straight_corridor_2_seed0.png,results/experiments/straight_corridor_2/telemetry_straight_corridor_2_seed0.csv
straight_corridor_2,direct_latent,1,medium,0.0,0.0,7.0,7.0,175,True,0.9135331717084022,0.9135331717084022,0.11427705799623634,0.23761780701882254,0.39154615241382573,results/experiments/straight_corridor_2/straight_corridor_2_seed1.png,results/experiments/straight_corridor_2/telemetry_straight_corridor_2_seed1.csv
straight_corridor_2,direct_latent,2,medium,0.0,0.0,7.0,7.0,168,True,0.9806408476038153,0.9806408476038153,0.11693338363567088,0.27731731073617993,0.38420178975747366,results/experiments/straight_corridor_2/straight_corridor_2_seed2.png,results/experiments/straight_corridor_2/telemetry_straight_corridor_2_seed2.csv
straight_corridor_2,direct_latent,3,medium,0.0,0.0,7.0,7.0,200,False,1.392859419457965,13.427313832061683,0.16702270301315497,0.28705951636402854,-0.0726309261798405,results/experiments/straight_corridor_2/straight_corridor_2_seed3.png,results/experiments/straight_corridor_2/telemetry_straight_corridor_2_seed3.csv
straight_corridor_2,direct_latent,4,medium,0.0,0.0,7.0,7.0,164,True,0.9048405764707124,0.9048405764707124,0.11743921727059764,0.277643611103119,0.3910345327172488,results/experiments/straight_corridor_2/straight_corridor_2_seed4.png,results/experiments/straight_corridor_2/telemetry_straight_corridor_2_seed4.csv
straight_corridor_2,direct_latent,5,medium,0.0,0.0,7.0,7.0,193,True,0.8836895868953472,0.8836895868953472,0.11725116687627027,0.2712019581990498,0.33664503048786454,results/experiments/straight_corridor_2/straight_corridor_2_seed5.png,results/experiments/straight_corridor_2/telemetry_straight_corridor_2_seed5.csv
straight_corridor_2,direct_latent,6,medium,0.0,0.0,7.0,7.0,117,True,0.9740910175703937,0.9740910175703937,0.1342913077212409,0.2736906750033937,0.5000985720285059,results/experiments/straight_corridor_2/straight_corridor_2_seed6.png,results/experiments/straight_corridor_2/telemetry_straight_corridor_2_seed6.csv
straight_corridor_2,direct_latent,7,medium,0.0,0.0,7.0,7.0,190,True,0.9659344202801277,0.9659344202801277,0.1133391178002377,0.2666812368054696,0.3437867057810651,results/experiments/straight_corridor_2/straight_corridor_2_seed7.png,results/experiments/straight_corridor_2/telemetry_straight_corridor_2_seed7.csv
straight_corridor_2,direct_latent,8,medium,0.0,0.0,7.0,7.0,200,False,1.2030948247185846,1.2030948247185846,0.13519297895737437,0.3094028638015942,0.32640305369334516,results/experiments/straight_corridor_2/straight_corridor_2_seed8.png,results/experiments/straight_corridor_2/telemetry_straight_corridor_2_seed8.csv
straight_corridor_2,direct_latent,9,medium,0.0,0.0,7.0,7.0,121,True,0.8973224504517241,0.8973224504517241,0.13169488553430472,0.2988710407188224,0.4356980145607852,results/experiments/straight_corridor_2/straight_corridor_2_seed9.png,results/experiments/straight_corridor_2/telemetry_straight_corridor_2_seed9.csv
straight_corridor_2,direct_latent,10,medium,0.0,0.0,7.0,7.0,145,True,0.8468630636283201,0.8468630636283201,0.1575120848002287,0.3126795472880183,0.36657463565607973,results/experiments/straight_corridor_2/straight_corridor_2_seed10.png,results/experiments/straight_corridor_2/telemetry_straight_corridor_2_seed10.csv
sharp_turn,planner,0,medium,0.0,0.0,8.0,8.0,124,True,0.938881197568665,0.938881197568665,0.14349739649259372,0.2638700509308032,0.6566420054740256,results/experiments/sharp_turn/sharp_turn_seed0.png,results/experiments/sharp_turn/telemetry_sharp_turn_seed0.csv
sharp_turn,planner,1,medium,0.0,0.0,8.0,8.0,135,True,0.8609367348444453,0.8609367348444453,0.14158606688402825,0.3087638792249096,0.5215403613795395,results/experiments/sharp_turn/sharp_turn_seed1.png,results/experiments/sharp_turn/telemetry_sharp_turn_seed1.csv
sharp_turn,planner,2,medium,0.0,0.0,8.0,8.0,165,True,0.896526933780697,0.896526933780697,0.1386978731438828,0.27681174990157786,0.4634446214326191,results/experiments/sharp_turn/sharp_turn_seed2.png,results/experiments/sharp_turn/telemetry_sharp_turn_seed2.csv
sharp_turn,planner,3,medium,0.0,0.0,8.0,8.0,116,True,0.7957529373905426,0.7957529373905426,0.15453789638926313,0.3146720313623924,0.6566315336209959,results/experiments/sharp_turn/sharp_turn_seed3.png,results/experiments/sharp_turn/telemetry_sharp_turn_seed3.csv
sharp_turn,planner,4,medium,0.0,0.0,8.0,8.0,163,True,0.9012988428609601,0.9012988428609601,0.14351106053183849,0.29138649223778673,0.4842720590979139,results/experiments/sharp_turn/sharp_turn_seed4.png,results/experiments/sharp_turn/telemetry_sharp_turn_seed4.csv
sharp_turn,planner,5,medium,0.0,0.0,8.0,8.0,111,True,0.8025900480705754,0.8025900480705754,0.14975782673765464,0.29772335761827906,0.71426315048559,results/experiments/sharp_turn/sharp_turn_seed5.png,results/experiments/sharp_turn/telemetry_sharp_turn_seed5.csv
sharp_turn,planner,6,medium,0.0,0.0,8.0,8.0,235,True,0.9004899744201291,0.9004899744201291,0.1424327083926301,0.32154849680525294,0.25947660093083247,results/experiments/sharp_turn/sharp_turn_seed6.png,results/experiments/sharp_turn/telemetry_sharp_turn_seed6.csv
sharp_turn,planner,7,medium,0.0,0.0,8.0,8.0,142,True,0.9277160312415317,0.9277160312415317,0.13605223326060334,0.31010512245283567,0.5763629829633807,results/experiments/sharp_turn/sharp_turn_seed7.png,results/experiments/sharp_turn/telemetry_sharp_turn_seed7.csv
sharp_turn,planner,8,medium,0.0,0.0,8.0,8.0,400,False,5.947215588460717,6.947381500520224,0.035453690621948974,0.23416578994846476,0.12756784044877312,results/experiments/sharp_turn/sharp_turn_seed8.png,results/experiments/sharp_turn/telemetry_sharp_turn_seed8.csv
sharp_turn,planner,9,medium,0.0,0.0,8.0,8.0,177,True,0.8007299263655728,0.8007299263655728,0.1309951215479558,0.28620308294121366,0.37660400209364575,results/experiments/sharp_turn/sharp_turn_seed9.png,results/experiments/sharp_turn/telemetry_sharp_turn_seed9.csv
sharp_turn,planner,10,medium,0.0,0.0,8.0,8.0,115,True,0.8672531201657202,0.8672531201657202,0.14868835603606578,0.2817057937293714,0.7195651606389019,results/experiments/sharp_turn/sharp_turn_seed10.png,results/experiments/sharp_turn/telemetry_sharp_turn_seed10.csv
corner_recovery,planner,0,medium,20.0,0.0,0.0,20.0,500,False,6.14801925463476,16.80261374154165,0.139055537506599,0.31990273289226767,0.25647539231014277,results/experiments/corner_recovery/corner_recovery_seed0.png,results/experiments/corner_recovery/telemetry_corner_recovery_seed0.csv
corner_recovery,planner,1,medium,20.0,0.0,0.0,20.0,500,False,11.025731332774741,17.029600680211114,0.16581618859222327,0.32057381027484777,0.1926057978438296,results/experiments/corner_recovery/corner_recovery_seed1.png,results/experiments/corner_recovery/telemetry_corner_recovery_seed1.csv
corner_recovery,planner,2,medium,20.0,0.0,0.0,20.0,500,False,2.9480939750889004,5.245577340738288,0.12957091788433459,0.3351576407026076,0.3941077268013142,results/experiments/corner_recovery/corner_recovery_seed2.png,results/experiments/corner_recovery/telemetry_corner_recovery_seed2.csv
corner_recovery,planner,3,medium,20.0,0.0,0.0,20.0,500,False,10.173068914626505,16.601698841686094,0.14749498582423645,0.30682586646256277,0.16171123951885094,results/experiments/corner_recovery/corner_recovery_seed3.png,results/experiments/corner_recovery/telemetry_corner_recovery_seed3.csv
corner_recovery,planner,4,medium,20.0,0.0,0.0,20.0,500,False,3.423976881150999,5.027829404525678,0.13663785954879906,0.27423769222054983,0.38270814722293334,results/experiments/corner_recovery/corner_recovery_seed4.png,results/experiments/corner_recovery/telemetry_corner_recovery_seed4.csv
corner_recovery,planner,5,medium,20.0,0.0,0.0,20.0,500,False,13.499378384185317,13.69614207326162,0.050030656425499,0.2854194952607195,0.21624478857169405,results/experiments/corner_recovery/corner_recovery_seed5.png,results/experiments/corner_recovery/telemetry_corner_recovery_seed5.csv
corner_recovery,planner,6,medium,20.0,0.0,0.0,20.0,500,False,2.80527288994182,3.910192743384532,0.14422007860866395,0.3117486723888393,0.3309450697518079,results/experiments/corner_recovery/corner_recovery_seed6.png,results/experiments/corner_recovery/telemetry_corner_recovery_seed6.csv
corner_recovery,planner,7,medium,20.0,0.0,0.0,20.0,500,False,17.911151276758787,21.805456067833894,0.11892550918779804,0.29883174158995107,0.06496174829551515,results/experiments/corner_recovery/corner_recovery_seed7.png,results/experiments/corner_recovery/telemetry_corner_recovery_seed7.csv
corner_recovery,planner,8,medium,20.0,0.0,0.0,20.0,500,False,5.0707855091273775,5.090442016762154,0.1330739939386924,0.31114498026400433,0.40277165268676024,results/experiments/corner_recovery/corner_recovery_seed8.png,results/experiments/corner_recovery/telemetry_corner_recovery_seed8.csv
corner_recovery,planner,9,medium,20.0,0.0,0.0,20.0,500,False,19.574365366897716,22.70182890613858,0.11925949463278651,0.29062696384901215,0.13381848832984303,results/experiments/corner_recovery/corner_recovery_seed9.png,results/experiments/corner_recovery/telemetry_corner_recovery_seed9.csv
corner_recovery,planner,10,medium,20.0,0.0,0.0,20.0,500,False,4.377862681051962,4.976187797165423,0.13811673209458847,0.30418575268882364,0.32545573366631975,results/experiments/corner_recovery/corner_recovery_seed10.png,results/experiments/corner_recovery/telemetry_corner_recovery_seed10.csv
custom_subgoal,custom_waypoints,0,medium,0.0,0.0,20.0,20.0,500,False,11.180406828807605,17.38052883180508,0.16270470579271815,0.32732840080843467,0.16289977747722942,results/experiments/custom_subgoal/custom_subgoal_seed0.png,results/experiments/custom_subgoal/telemetry_custom_subgoal_seed0.csv
custom_subgoal,custom_waypoints,1,medium,0.0,0.0,20.0,20.0,500,False,11.752170230460724,23.25502764974869,0.1571682866913904,0.3089326198932204,0.1269301742336612,results/experiments/custom_subgoal/custom_subgoal_seed1.png,results/experiments/custom_subgoal/telemetry_custom_subgoal_seed1.csv
custom_subgoal,custom_waypoints,2,medium,0.0,0.0,20.0,20.0,500,False,11.337026743885264,21.72883772152849,0.16081191433924635,0.34134521455960953,0.11609283454932288,results/experiments/custom_subgoal/custom_subgoal_seed2.png,results/experiments/custom_subgoal/telemetry_custom_subgoal_seed2.csv
custom_subgoal,custom_waypoints,3,medium,0.0,0.0,20.0,20.0,500,False,10.998602396718946,11.954048103443895,0.12997581693978388,0.29865920198647056,0.21067891695437652,results/experiments/custom_subgoal/custom_subgoal_seed3.png,results/experiments/custom_subgoal/telemetry_custom_subgoal_seed3.csv
custom_subgoal,custom_waypoints,4,medium,0.0,0.0,20.0,20.0,500,False,11.090487372975984,15.388753339604223,0.15279927462741544,0.317544133789853,0.0251606418057372,results/experiments/custom_subgoal/custom_subgoal_seed4.png,results/experiments/custom_subgoal/telemetry_custom_subgoal_seed4.csv
custom_subgoal,custom_waypoints,5,medium,0.0,0.0,20.0,20.0,500,False,10.739557695362503,19.214691470942796,0.15965502880748034,0.3338277919440475,0.15268762522952775,results/experiments/custom_subgoal/custom_subgoal_seed5.png,results/experiments/custom_subgoal/telemetry_custom_subgoal_seed5.csv
custom_subgoal,custom_waypoints,6,medium,0.0,0.0,20.0,20.0,500,False,11.7166097689847,20.358900093433064,0.16622807373819787,0.32622934493708367,0.057799894726162766,results/experiments/custom_subgoal/custom_subgoal_seed6.png,results/experiments/custom_subgoal/telemetry_custom_subgoal_seed6.csv
custom_subgoal,custom_waypoints,7,medium,0.0,0.0,20.0,20.0,500,False,12.049473659559917,23.506681408999984,0.15250065442773394,0.3188581529390102,0.09167293956361972,results/experiments/custom_subgoal/custom_subgoal_seed7.png,results/experiments/custom_subgoal/telemetry_custom_subgoal_seed7.csv
custom_subgoal,custom_waypoints,8,medium,0.0,0.0,20.0,20.0,500,False,15.97810741386705,24.91903587860963,0.1366140725872534,0.307654105315704,0.12264695588555995,results/experiments/custom_subgoal/custom_subgoal_seed8.png,results/experiments/custom_subgoal/telemetry_custom_subgoal_seed8.csv
custom_subgoal,custom_waypoints,9,medium,0.0,0.0,20.0,20.0,500,False,11.722966821977018,21.674311181040743,0.1430012809353023,0.29177246959616177,0.010234044007697531,results/experiments/custom_subgoal/custom_subgoal_seed9.png,results/experiments/custom_subgoal/telemetry_custom_subgoal_seed9.csv
custom_subgoal,custom_waypoints,10,medium,0.0,0.0,20.0,20.0,500,False,12.084829998744771,14.34797699090251,0.1500305808417301,0.3369869774010728,0.1787491067181902,results/experiments/custom_subgoal/custom_subgoal_seed10.png,results/experiments/custom_subgoal/telemetry_custom_subgoal_seed10.csv
custom_z,custom_z,0,medium,0.0,0.0,4.0,8.0,181,True,0.894450782283447,0.894450782283447,0.13054274574880886,0.2673643903595,0.3247321093776956,results/experiments/custom_z/custom_z_seed0.png,results/experiments/custom_z/telemetry_custom_z_seed0.csv
custom_z,custom_z,1,medium,0.0,0.0,4.0,8.0,150,True,0.9432330281100598,0.9432330281100598,0.12789247838200715,0.30523780299662057,0.34365772969436315,results/experiments/custom_z/custom_z_seed1.png,results/experiments/custom_z/telemetry_custom_z_seed1.csv
custom_z,custom_z,2,medium,0.0,0.0,4.0,8.0,85,True,0.8147678655303803,0.8147678655303803,0.14815874215643104,0.27857548206896804,0.5964610732547072,results/experiments/custom_z/custom_z_seed2.png,results/experiments/custom_z/telemetry_custom_z_seed2.csv
custom_z,custom_z,3,medium,0.0,0.0,4.0,8.0,234,True,0.899327031711892,0.899327031711892,0.1174739133599423,0.2560923638147579,0.288974693907174,results/experiments/custom_z/custom_z_seed3.png,results/experiments/custom_z/telemetry_custom_z_seed3.csv
custom_z,custom_z,4,medium,0.0,0.0,4.0,8.0,185,True,0.9424616372959354,0.9424616372959354,0.1176379538466246,0.26510208617038594,0.34353074993363136,results/experiments/custom_z/custom_z_seed4.png,results/experiments/custom_z/telemetry_custom_z_seed4.csv
custom_z,custom_z,5,medium,0.0,0.0,4.0,8.0,162,True,0.9293875406781852,0.9293875406781852,0.12386108215195879,0.2649841805955794,0.342828077870922,results/experiments/custom_z/custom_z_seed5.png,results/experiments/custom_z/telemetry_custom_z_seed5.csv
custom_z,custom_z,6,medium,0.0,0.0,4.0,8.0,87,True,0.9559950871969162,0.9559950871969162,0.1438256343404415,0.2894976970895945,0.574312909144826,results/experiments/custom_z/custom_z_seed6.png,results/experiments/custom_z/telemetry_custom_z_seed6.csv
custom_z,custom_z,7,medium,0.0,0.0,4.0,8.0,110,True,0.9421737296647241,0.9421737296647241,0.12248557270000521,0.24906244412373785,0.5273560659287251,results/experiments/custom_z/custom_z_seed7.png,results/experiments/custom_z/telemetry_custom_z_seed7.csv
custom_z,custom_z,8,medium,0.0,0.0,4.0,8.0,86,True,0.8629760488950944,0.8629760488950944,0.143706154619568,0.305758206655811,0.5995244018376784,results/experiments/custom_z/custom_z_seed8.png,results/experiments/custom_z/telemetry_custom_z_seed8.csv
custom_z,custom_z,9,medium,0.0,0.0,4.0,8.0,106,True,0.9478226900704942,0.9478226900704942,0.1224180748542711,0.3201034395790213,0.5100850553671074,results/experiments/custom_z/custom_z_seed9.png,results/experiments/custom_z/telemetry_custom_z_seed9.csv
custom_z,custom_z,10,medium,0.0,0.0,4.0,8.0,116,True,0.9829086215871319,0.9829086215871319,0.13134274915508057,0.2842912095042447,0.3989814585952321,results/experiments/custom_z/custom_z_seed10.png,results/experiments/custom_z/telemetry_custom_z_seed10.csv
