scenario_name,mode,seed,step,x,y,action_norm,speed,subgoal_x,subgoal_y,dist_to_subgoal,dist_to_goal,alignment_cos,reached_goal,reward,done
custom_z,custom_z,1,0,0.0,0.0,0.0,0.0,4.0,8.0,8.94427190999916,8.94427190999916,1.0,False,0.0,False
custom_z,custom_z,1,1,0.00822259122412329,0.0073912127348076334,1.3937047719955444,0.011056266645220343,4.0,8.0,8.93398467132568,8.93398467132568,0.9305271444942018,False,0.0,False
custom_z,custom_z,1,2,0.017743739365017996,0.012793293346725845,1.5066001415252686,0.010946905355328754,4.0,8.0,8.924899769755038,8.924899769755038,0.8300966136901637,False,0.0,False
custom_z,custom_z,1,3,-0.0016689477947434315,0.02588697949327994,1.5041297674179077,0.02341574341478888,4.0,8.0,8.921873840822874,8.921873840822874,0.1305161738095993,False,0.0,False
custom_z,custom_z,1,4,-0.03129405661052523,0.07859658364061017,1.5968189239501953,0.06046444775002221,4.0,8.0,8.888192384032513,8.888192384032513,0.5593827207417246,False,0.0,False
custom_z,custom_z,1,5,-0.057035616384486676,0.1345966377681467,1.443315029144287,0.06163305900150869,4.0,8.0,8.850090849433151,8.850090849433151,0.620341730295092,False,0.0,False
custom_z,custom_z,1,6,-0.08895565580669886,0.17891534104114346,0.8953457474708557,0.05461718023218987,4.0,8.0,8.825470162985946,8.825470162985946,0.45324512792668675,False,0.0,False
custom_z,custom_z,1,7,-0.1316505909212335,0.22015414915141537,1.5503352880477905,0.059359049678967664,4.0,8.0,8.80888971825767,8.80888971825767,0.2824251880175978,False,0.0,False
custom_z,custom_z,1,8,-0.18859852448926334,0.25479133978677,2.249606132507324,0.0666543480410591,4.0,8.0,8.80526063155405,8.80526063155405,0.05821850264920357,False,0.0,False
custom_z,custom_z,1,9,-0.2504517424042985,0.2819441324679387,2.1241352558135986,0.06755068257857472,4.0,8.0,8.811057052865667,8.811057052865667,-0.08200090830874324,False,0.0,False
custom_z,custom_z,1,10,-0.3525591084074138,0.23822318783444327,1.9122776985168457,0.11107400772340625,4.0,8.0,8.89887352837713,8.89887352837713,-0.7882490526669699,False,0.0,False
custom_z,custom_z,1,11,-0.4657225201402277,0.24505627038406572,1.5465502738952637,0.11336952311860679,4.0,8.0,8.948845169986855,8.948845169986855,-0.4356532324930991,False,0.0,False
custom_z,custom_z,1,12,-0.5489894908661145,0.2817728941953857,1.6674925088882446,0.09100274104645242,4.0,8.0,8.959036502034548,8.959036502034548,-0.10696844762689202,False,0.0,False
custom_z,custom_z,1,13,-0.5716753963417901,0.3838864504384185,2.397521734237671,0.10460319629844164,4.0,8.0,8.882871243541267,8.882871243541267,0.7308778361390103,False,0.0,False
custom_z,custom_z,1,14,-0.5818643138724477,0.5511072391910333,1.9241076707839966,0.16753091127160138,4.0,8.0,8.745254939266783,8.745254939266783,0.8245052884187235,False,0.0,False
custom_z,custom_z,1,15,-0.6048337293879085,0.699267735885275,2.3437659740448,0.1499304066218934,4.0,8.0,8.63163862007639,8.63163862007639,0.7614432712940373,False,0.0,False
custom_z,custom_z,1,16,-0.6328656508867053,0.8377467016240925,2.51174259185791,0.14128769435094937,4.0,8.0,8.530024410824536,8.530024410824536,0.7231516736541191,False,0.0,False
custom_z,custom_z,1,17,-0.7041551608858646,0.8975719646368943,2.314967632293701,0.09306587092200416,4.0,8.0,8.519011666572652,8.519011666572652,0.12371159752655181,False,0.0,False
custom_z,custom_z,1,18,-0.8317818818472071,0.9348775825637088,1.6659263372421265,0.1329672479682341,4.0,8.0,8.559326546353267,8.559326546353267,-0.2961073216683546,False,0.0,False
custom_z,custom_z,1,19,-0.9585993757116956,0.9942060554853954,1.4758501052856445,0.14000908702398168,4.0,8.0,8.583056364827504,8.583056364827504,-0.1615439013341642,False,0.0,False
custom_z,custom_z,1,20,-1.0598024992655914,1.050791981752252,2.302361011505127,0.1159484336614481,4.0,8.0,8.596109201985113,8.596109201985113,-0.10590560603548212,False,0.0,False
custom_z,custom_z,1,21,-1.0882888438113896,1.1542386573266217,2.248244524002075,0.10729718781482962,4.0,8.0,8.529661876000517,8.529661876000517,0.6231305399707596,False,0.0,False
custom_z,custom_z,1,22,-1.0210886361826428,1.3165522650285817,1.732885718345642,0.17567462864788544,4.0,8.0,8.359414137276431,8.359414137276431,0.9697346987989947,False,0.0,False
custom_z,custom_z,1,23,-0.9900235202594444,1.469210724901331,1.8522822856903076,0.15578718431899843,4.0,8.0,8.218974588626384,8.218974588626384,0.9032288567235881,False,0.0,False
custom_z,custom_z,1,24,-0.9656139784577604,1.6037352246638532,2.3424603939056396,0.13672112772839817,4.0,8.0,8.097501173773368,8.097501173773368,0.8902275464674628,False,0.0,False
custom_z,custom_z,1,25,-0.8286231473441507,1.6865661046873879,2.1991806030273438,0.16008573482565755,4.0,8.0,7.948273337621821,7.948273337621821,0.9334698986238162,False,0.0,False
custom_z,custom_z,1,26,-0.7108613293463906,1.6972096721065593,1.8923190832138062,0.1182418339909527,4.0,8.0,7.868759774050695,7.868759774050695,0.6765401575500417,False,0.0,False
custom_z,custom_z,1,27,-0.5979807432851175,1.7132527249469964,1.2380659580230713,0.11401493873163082,4.0,8.0,7.788749464195592,7.788749464195592,0.7054299036310481,False,0.0,False
custom_z,custom_z,1,28,-0.470907035547925,1.7685439009128994,1.8491319417953491,0.13858153317729552,4.0,8.0,7.669423370460243,7.669423370460243,0.8633538116505629,False,0.0,False
custom_z,custom_z,1,29,-0.3022330393596047,1.918295291978398,1.8845514059066772,0.22555796619979837,4.0,8.0,7.449586651655883,7.449586651655883,0.9753716554217612,False,0.0,False
custom_z,custom_z,1,30,-0.07218425888726657,2.062059951708976,2.202409029006958,0.27127609327815627,4.0,8.0,7.200126155521696,7.200126155521696,0.9223922520381441,False,0.0,False
custom_z,custom_z,1,31,0.17479220670084727,2.2001164153680426,1.4184050559997559,0.2829433895895854,4.0,8.0,6.947723674499427,6.947723674499427,0.8960727961907943,False,0.0,False
custom_z,custom_z,1,32,0.3683564984968448,2.3110663932084847,2.0395679473876953,0.22310767051197655,4.0,8.0,6.7492814509762455,6.7492814509762455,0.8927998993177694,False,0.0,False
custom_z,custom_z,1,33,0.4864199584603842,2.378603019027103,1.8128868341445923,0.13601535356542044,4.0,8.0,6.6291288059591,6.6291288059591,0.8855888343542929,False,0.0,False
custom_z,custom_z,1,34,0.6076293866831706,2.4190758521211477,1.7606935501098633,0.12778801081773358,4.0,8.0,6.531071330377038,6.531071330377038,0.7713080013513826,False,0.0,False
custom_z,custom_z,1,35,0.7389709770847667,2.4727474464095973,1.4127975702285767,0.1418846482276521,4.0,8.0,6.417540890361908,6.417540890361908,0.8040677774449706,False,0.0,False
custom_z,custom_z,1,36,0.8650383859394313,2.5243261212583277,1.7961610555648804,0.13621068707880532,4.0,8.0,6.309594974954186,6.309594974954186,0.796439597557175,False,0.0,False
custom_z,custom_z,1,37,0.9615140203862657,2.570251439907889,2.075620412826538,0.10684887895987945,4.0,8.0,6.2221030587841915,6.2221030587841915,0.8216279135093851,False,0.0,False
custom_z,custom_z,1,38,1.1094767419336158,2.7217816783377047,1.7350859642028809,0.2117885268995831,4.0,8.0,6.017866179681486,6.017866179681486,0.9655354949868762,False,0.0,False
custom_z,custom_z,1,39,1.2855386249071377,2.86155088677502,1.9305452108383179,0.2247959480581796,4.0,8.0,5.811364714597907,5.811364714597907,0.9215337065695807,False,0.0,False
custom_z,custom_z,1,40,1.4547983698034945,2.986554554930316,1.934298038482666,0.21041572729874342,4.0,8.0,5.622516035463564,5.622516035463564,0.9010236713692884,False,0.0,False
custom_z,custom_z,1,41,1.6304023759168202,3.0728986342732867,2.101530075073242,0.1956835889916019,4.0,8.0,5.467295562543395,5.467295562543395,0.7996742878075521,False,0.0,False
custom_z,custom_z,1,42,1.8281564988016668,3.0648308071657833,1.886962890625,0.19791862709758154,4.0,8.0,5.3919198024077994,5.3919198024077994,0.39631713344129094,False,0.0,False
custom_z,custom_z,1,43,2.0073086320636118,3.0673478146981457,1.9586429595947266,0.179169813805852,4.0,8.0,5.319950795732171,5.319950795732171,0.4156143540382262,False,0.0,False
custom_z,custom_z,1,44,2.203010948472463,3.0891224796343066,1.5813238620758057,0.19690996084726708,4.0,8.0,5.229329562318953,5.229329562318953,0.47480363376870766,False,0.0,False
custom_z,custom_z,1,45,2.32095725106449,3.2194203555802456,2.2795052528381348,0.1757522880964947,4.0,8.0,5.066865529041936,5.066865529041936,0.9268371750104989,False,0.0,False
custom_z,custom_z,1,46,2.4268268318117423,3.4028416666155508,2.28361439704895,0.21178230679050863,4.0,8.0,4.8588824393386565,4.8588824393386565,0.9828038341490568,False,0.0,False
custom_z,custom_z,1,47,2.606530348794702,3.626040182924246,2.213038921356201,0.2865500509482554,4.0,8.0,4.5905644696729375,4.5905644696729375,0.9400067804313513,False,0.0,False
custom_z,custom_z,1,48,2.7804273046216155,3.8361574092795285,2.315354585647583,0.27274420260952303,4.0,8.0,4.338772024387807,4.338772024387807,0.9275704471535781,False,0.0,False
custom_z,custom_z,1,49,2.9429317641050763,4.028425896673907,2.1031718254089355,0.2517436604900589,4.0,8.0,4.109841129964572,4.109841129964572,0.91440062417682,False,0.0,False
custom_z,custom_z,1,50,3.0614991036762063,4.143513826316859,1.8776757717132568,0.1652375428359932,4.0,8.0,3.969038868568787,3.969038868568787,0.8576262211363247,False,0.0,False
custom_z,custom_z,1,51,3.1148468431878924,4.218455244944793,1.7263141870498657,0.09199020348370784,4.0,8.0,3.8837580827724048,3.8837580827724048,0.9286925721314603,False,0.0,False
custom_z,custom_z,1,52,3.1570975404124204,4.3368544343485755,1.895830750465393,0.12571193048963777,4.0,8.0,3.758872170150308,3.758872170150308,0.9936412666789759,False,0.0,False
custom_z,custom_z,1,53,3.1475473860519814,4.537482148578762,1.8299572467803955,0.20085488583934857,4.0,8.0,3.565908766420918,3.565908766420918,0.9627687149664333,False,0.0,False
custom_z,custom_z,1,54,3.137685533290611,4.723142394337902,2.3850128650665283,0.18592198093617407,4.0,8.0,3.388418806358186,3.388418806358186,0.956958530802741,False,0.0,False
custom_z,custom_z,1,55,3.1981068487827335,4.886468032160348,1.744376301765442,0.17414361698295858,4.0,8.0,3.2151382459745976,3.2151382459745976,0.9952980718170724,False,0.0,False
custom_z,custom_z,1,56,3.233669225681757,5.00134986871036,2.1199090480804443,0.12026021378582306,4.0,8.0,3.095022692251314,3.095022692251314,0.9988420742460685,False,0.0,False
custom_z,custom_z,1,57,3.1920295040378375,5.101963167740986,1.9234918355941772,0.1088894042614308,4.0,8.0,3.0085600880612646,3.0085600880612646,0.8005404519510187,False,0.0,False
custom_z,custom_z,1,58,3.1187470333639644,5.219353691544792,1.5028102397918701,0.13838661635793761,4.0,8.0,2.9169505796174175,2.9169505796174175,0.6749026847744615,False,0.0,False
custom_z,custom_z,1,59,3.1055217271592097,5.3690799558496245,1.8449259996414185,0.1503092244238193,4.0,8.0,2.778818392643977,2.778818392643977,0.9229922386815209,False,0.0,False
custom_z,custom_z,1,60,3.1441128093940867,5.518529733169351,2.2851219177246094,0.15435189525553253,4.0,8.0,2.624926202430814,2.624926202430814,0.9971868933103181,False,0.0,False
custom_z,custom_z,1,61,3.1709256868694684,5.683463684402235,1.3064171075820923,0.16709918811233404,4.0,8.0,2.46042775105796,2.46042775105796,0.9854190446291555,False,0.0,False
custom_z,custom_z,1,62,3.191983047105862,5.841893235813043,1.528417706489563,0.15982282434106518,4.0,8.0,2.3044123332845245,2.3044123332845245,0.9777063538579795,False,0.0,False
custom_z,custom_z,1,63,3.2174615608586756,5.9895286560375265,2.1082894802093506,0.14981779589859226,4.0,8.0,2.157396911471789,2.157396911471789,0.9824995019243891,False,0.0,False
custom_z,custom_z,1,64,3.1701702275815653,6.0827217495319035,2.0920567512512207,0.10450561170663714,4.0,8.0,2.0891561312908227,2.0891561312908227,0.6668797206982084,False,0.0,False
custom_z,custom_z,1,65,3.1009311230110916,6.088145815267073,1.8121545314788818,0.06945123534409184,4.0,8.0,2.11270236172796,2.11270236172796,-0.32432129067885856,False,0.0,False
custom_z,custom_z,1,66,3.098977599591007,6.0473702661936874,1.1088345050811768,0.04082231811140712,4.0,8.0,2.15048930324782,2.15048930324782,-0.9242608759451425,False,0.0,False
custom_z,custom_z,1,67,3.1325805117281704,6.044610431648037,1.5952894687652588,0.03371605538637758,4.0,8.0,2.139150516596118,2.139150516596118,0.34325484665675476,False,0.0,False
custom_z,custom_z,1,68,3.185246638771909,6.0856348021990705,1.7921199798583984,0.06675866922651857,4.0,8.0,2.08053290052906,2.08053290052906,0.8816261856839119,False,0.0,False
custom_z,custom_z,1,69,3.270580509830689,6.177052477888274,2.052706718444824,0.12505623126535048,4.0,8.0,1.9634638934831832,1.9634638934831832,0.9398473682647311,False,0.0,False
custom_z,custom_z,1,70,3.4192089699791075,6.315148055679087,2.139087438583374,0.20288126520570737,4.0,8.0,1.7821459802257196,1.7821459802257196,0.9041130960422866,False,0.0,False
custom_z,custom_z,1,71,3.5791572133354648,6.418955336239844,1.338995337486267,0.1906813888406635,4.0,8.0,1.6360962318555823,1.6360962318555823,0.7880488839436403,False,0.0,False
custom_z,custom_z,1,72,3.718961182289726,6.502653968309709,2.271648645401001,0.16294358148061772,4.0,8.0,1.523492026785388,1.523492026785388,0.7170778279456246,False,0.0,False
custom_z,custom_z,1,73,3.7728415393614885,6.5935655460145535,2.1795012950897217,0.10567879559762461,4.0,8.0,1.4246609560162022,1.4246609560162022,0.9395516023383568,False,0.0,False
custom_z,custom_z,1,74,3.8334233065430117,6.613578612095499,1.9814496040344238,0.0638018285693802,4.0,8.0,1.3963925163227229,1.3963925163227229,0.46106251749440846,False,0.0,False
custom_z,custom_z,1,75,3.8978829978776224,6.63335713477932,1.2897530794143677,0.06742582418115271,4.0,8.0,1.3704527000889344,1.3704527000889344,0.40528589677295884,False,0.0,False
custom_z,custom_z,1,76,3.939454214102985,6.6572527990046835,1.684638500213623,0.04794964845780586,4.0,8.0,1.3441115422354815,1.3441115422354815,0.5615650072038778,False,0.0,False
custom_z,custom_z,1,77,4.013184945367498,6.685958825300718,1.8910566568374634,0.07912178384306323,4.0,8.0,1.3141073211840095,1.3141073211840095,0.4044158625156867,False,0.0,False
custom_z,custom_z,1,78,4.191145336053759,6.831805776061327,1.9216899871826172,0.23008962101619063,4.0,8.0,1.1837289741907908,1.1837289741907908,0.6260780630264214,False,0.0,False
custom_z,custom_z,1,79,4.3974095454936295,6.9733856292688285,1.8319827318191528,0.2501794934244461,4.0,8.0,1.1008503136399663,1.1008503136399663,0.4253539525936555,False,0.0,False
custom_z,custom_z,1,80,4.583827256729234,7.102714021662348,1.8809794187545776,0.22688630664148352,4.0,8.0,1.0705028690392846,1.0705028690392846,0.23496300865688333,False,0.0,False
custom_z,custom_z,1,81,4.687092377858843,7.220716166836284,2.3556501865386963,0.1568062227960466,4.0,8.0,1.0389317727079355,1.0389317727079355,0.27160888471020816,False,0.0,False
custom_z,custom_z,1,82,4.7712320210391,7.273889827492725,2.091756582260132,0.09953350060209523,4.0,8.0,1.0592614469027934,1.0592614469027934,-0.1583460821514233,False,0.0,False
custom_z,custom_z,1,83,4.885503066954901,7.317539336848974,1.4639474153518677,0.12232396168262562,4.0,8.0,1.1179750615890656,1.1179750615890656,-0.4355468519581201,False,0.0,False
custom_z,custom_z,1,84,5.012647579577372,7.368626118482694,1.9590517282485962,0.13702403565687704,4.0,8.0,1.1933516240765503,1.1933516240765503,-0.5073595774104188,False,0.0,False
custom_z,custom_z,1,85,5.130009217634458,7.497442249822093,2.3382933139801025,0.17426230166244183,4.0,8.0,1.2367235439671713,1.2367235439671713,-0.1803977844416725,False,0.0,False
custom_z,custom_z,1,86,5.249053262970478,7.688811348109998,1.8505264520645142,0.2253743918671555,4.0,8.0,1.2872344117534753,1.2872344117534753,-0.13757909299101745,False,0.0,False
custom_z,custom_z,1,87,5.460832330711693,7.878821620750634,1.9946807622909546,0.28452465137893906,4.0,8.0,1.4658496846709963,1.4658496846709963,-0.5608036548991437,False,0.0,False
custom_z,custom_z,1,88,5.7042952540357446,8.049868883780087,1.4392915964126587,0.29754220074362575,4.0,8.0,1.7050246973279406,1.7050246973279406,-0.7679230434127237,False,0.0,False
custom_z,custom_z,1,89,5.937942336481214,8.194571062511113,1.844374179840088,0.2748266356537983,4.0,8.0,1.9476853949991435,1.9476853949991435,-0.8651977987472559,False,0.0,False
custom_z,custom_z,1,90,6.084444691680882,8.189843370291825,2.2013611793518066,0.1465786176519957,4.0,8.0,2.0930719476215733,2.0930719476215733,-0.9912578484784846,False,0.0,False
custom_z,custom_z,1,91,6.228732199316316,8.11223959064014,1.8651775121688843,0.16383293770140625,4.0,8.0,2.231556618590801,2.231556618590801,-0.8341061058846978,False,0.0,False
custom_z,custom_z,1,92,6.3832674825541,8.059392905587933,1.5626695156097412,0.1633215414034205,4.0,8.0,2.384007426715348,2.384007426715348,-0.9287304367663037,False,0.0,False
custom_z,custom_z,1,93,6.540291801514682,8.043627438991651,2.0167465209960938,0.15781377215576953,4.0,8.0,2.540666406727904,2.540666406727904,-0.9921999453004317,False,0.0,False
custom_z,custom_z,1,94,6.723933594523269,8.0898752688676,1.818649411201477,0.18937573737848137,4.0,8.0,2.7254158932769292,2.7254158932769292,-0.9737724080824895,False,0.0,False
custom_z,custom_z,1,95,6.972637411211823,8.204332140209006,1.8543784618377686,0.27377721569319236,4.0,8.0,2.979651792082175,2.979651792082175,-0.9217091456040736,False,0.0,False
custom_z,custom_z,1,96,7.210046837219616,8.283508797301765,1.9704384803771973,0.2502642175496412,4.0,8.0,3.222542154152704,3.222542154152704,-0.9680974388679986,False,0.0,False
custom_z,custom_z,1,97,7.440708691821132,8.339378640504522,1.6687734127044678,0.2373316888822722,4.0,8.0,3.4574056984398265,3.4574056984398265,-0.9888385249358012,False,0.0,False
custom_z,custom_z,1,98,7.666491037103457,8.360602390260672,1.9458569288253784,0.22677767746164684,4.0,8.0,3.6841811314078594,3.6841811314078594,-0.9999894534884232,False,0.0,False
custom_z,custom_z,1,99,7.878735314942906,8.256874992100286,1.8631285429000854,0.2362350664162976,4.0,8.0,3.887231972104542,3.887231972104542,-0.8511541982156092,False,0.0,False
custom_z,custom_z,1,100,8.084459733021284,8.114674269724064,1.763399362564087,0.2500871480864346,4.0,8.0,4.086069198974614,4.086069198974614,-0.7832384873560023,False,0.0,False
custom_z,custom_z,1,101,8.301108926754381,7.994139345200724,1.5942381620407104,0.2479224499214394,4.0,8.0,4.301112919591963,4.301112919591963,-0.8598700206879474,False,0.0,False
custom_z,custom_z,1,102,8.501403823167701,7.920814837584009,1.6416785717010498,0.213294465344172,4.0,8.0,4.502100250902421,4.502100250902421,-0.9395209641969067,False,0.0,False
custom_z,custom_z,1,103,8.669139737134394,7.962976491224812,1.6530678272247314,0.17295358299835495,4.0,8.0,4.669286522059817,4.669286522059817,-0.9653943219880599,False,0.0,False
custom_z,custom_z,1,104,8.900841177039032,8.00285530563407,1.9496595859527588,0.23510822421295827,4.0,8.0,4.900842008811505,4.900842008811505,-0.9841338024077823,False,0.0,False
custom_z,custom_z,1,105,9.155975928846104,8.056329408847297,1.7494643926620483,0.2606783867030694,4.0,8.0,5.1562836210919905,5.1562836210919905,-0.9788531629509968,False,0.0,False
custom_z,custom_z,1,106,9.392828736588651,8.096645710133267,1.617583990097046,0.2402595610686683,4.0,8.0,5.393694668357073,5.393694668357073,-0.9875948541804891,False,0.0,False
custom_z,custom_z,1,107,9.625552865366265,8.116195260447768,1.8883236646652222,0.23354379681935142,4.0,8.0,5.626752738443472,5.626752738443472,-0.9978302290625717,False,0.0,False
custom_z,custom_z,1,108,9.830712922471964,8.055211293333368,1.9973756074905396,0.21403199124575714,4.0,8.0,5.83097431577203,5.83097431577203,-0.952460224549,False,0.0,False
custom_z,custom_z,1,109,10.036272708603756,7.981254610986573,1.8946856260299683,0.21845918735153413,4.0,8.0,6.036301815039055,6.036301815039055,-0.9377051421218198,False,0.0,False
custom_z,custom_z,1,110,10.207356889014934,7.93330956567819,1.613091230392456,0.17767533356261758,4.0,8.0,6.207715132126408,6.207715132126408,-0.9637367360736783,False,0.0,False
custom_z,custom_z,1,111,10.389290233107358,7.902231245448991,1.6042284965515137,0.1845686963732507,4.0,8.0,6.390038216806495,6.390038216806495,-0.9874736484304081,False,0.0,False
custom_z,custom_z,1,112,10.582908632543255,7.9265664031762855,2.0308828353881836,0.19514170364566027,4.0,8.0,6.583318202666113,6.583318202666113,-0.9901697050062812,False,0.0,False
custom_z,custom_z,1,113,10.832039800928326,7.966951780347139,1.7081899642944336,0.2523832754961051,4.0,8.0,6.832119731554109,6.832119731554109,-0.9852681010177462,False,0.0,False
custom_z,custom_z,1,114,11.075631758977414,7.989679107447609,0.8338688611984253,0.2446498997002046,4.0,8.0,7.075639286274625,7.075639286274625,-0.995214681244625,False,0.0,False
custom_z,custom_z,1,115,11.30348969575075,8.007104428831415,1.703600287437439,0.2285232617829763,4.0,8.0,7.303493151146676,7.303493151146676,-0.9969763039443729,False,0.0,False
custom_z,custom_z,1,116,11.518624830948738,7.987284856970576,1.625215768814087,0.21604615670130195,4.0,8.0,7.518635582565576,7.518635582565576,-0.9956935005460963,False,0.0,False
custom_z,custom_z,1,117,11.662964055911276,7.940873138903319,1.873018503189087,0.15161747734592043,4.0,8.0,7.663192161749002,7.663192161749002,-0.9525122715291404,False,0.0,False
custom_z,custom_z,1,118,11.802133085022826,7.913206164673595,1.9401702880859375,0.14189249496319212,4.0,8.0,7.802615833568795,7.802615833568795,-0.9822813852524986,False,0.0,False
custom_z,custom_z,1,119,11.932472986702425,7.891456876009878,2.056182861328125,0.13214205056387393,4.0,8.0,7.933215570910022,7.933215570910022,-0.9881318566043263,False,0.0,False
custom_z,custom_z,1,120,12.046346970011264,7.855694151361746,2.059492588043213,0.11935768324192525,4.0,8.0,8.047640880392256,8.047640880392256,-0.9580668006143788,False,0.0,False
custom_z,custom_z,1,121,12.186480115458007,7.8152936147514,1.5299941301345825,0.14584067269181808,4.0,8.0,8.188563557153412,8.188563557153412,-0.9656774900228634,False,0.0,False
custom_z,custom_z,1,122,12.307455044700427,7.746523155564306,1.5426462888717651,0.13915570258531368,4.0,8.0,8.311321184407666,8.311321184407666,-0.8802756669798778,False,0.0,False
custom_z,custom_z,1,123,12.397184366936445,7.660745903448011,1.8639370203018188,0.12413334866005003,4.0,8.0,8.404034664037813,8.404034664037813,-0.7435842181610138,False,0.0,False
custom_z,custom_z,1,124,12.36441516343698,7.4745051388047585,1.9319093227386475,0.18910167400870007,4.0,8.0,8.380906029510001,8.380906029510001,0.13339027827639155,False,0.0,False
custom_z,custom_z,1,125,12.32121209059616,7.25452121597794,1.5256900787353516,0.22418615435651873,4.0,8.0,8.354538244218572,8.354538244218572,0.13080537981861642,False,0.0,False
custom_z,custom_z,1,126,12.306124157224698,7.050450589258795,2.145792007446289,0.20462762868920276,4.0,8.0,8.36022383663683,8.36022383663683,-0.015548026216675285,False,0.0,False
custom_z,custom_z,1,127,12.29894660138591,6.858164208442343,2.314157247543335,0.19242029403186306,4.0,8.0,8.377129798895135,8.377129798895135,-0.07644031112814532,False,0.0,False
custom_z,custom_z,1,128,12.325008779359385,6.711789426519505,1.9308257102966309,0.14867687750178063,4.0,8.0,8.424087942207024,8.424087942207024,-0.30785150691299634,False,0.0,False
custom_z,custom_z,1,129,12.376951054272801,6.547044346078181,1.9214357137680054,0.1727395190823432,4.0,8.0,8.502022647461343,8.502022647461343,-0.4430031986553067,False,0.0,False
custom_z,custom_z,1,130,12.40384101214876,6.367769124206724,2.016470193862915,0.18128065261254692,4.0,8.0,8.5608832131601,8.5608832131601,-0.3151559516177705,False,0.0,False
custom_z,custom_z,1,131,12.36611492751129,6.179533396287307,2.2092978954315186,0.19197902679049675,4.0,8.0,8.561891008157046,8.561891008157046,0.005962756601008315,False,0.0,False
custom_z,custom_z,1,132,12.22340924685486,5.980097345860195,1.8569612503051758,0.24523386695475097,4.0,8.0,8.467848981498138,8.467848981498138,0.39569417140765967,False,0.0,False
custom_z,custom_z,1,133,12.100754018203322,5.791816988916939,1.0648809671401978,0.22470825068573053,4.0,8.0,8.396325855627158,8.396325855627158,0.3302173766372034,False,0.0,False
custom_z,custom_z,1,134,12.029539820859089,5.613497659992552,1.6776394844055176,0.19201365829395367,4.0,8.0,8.376688077851702,8.376688077851702,0.11358760242743698,False,0.0,False
custom_z,custom_z,1,135,12.062161851708142,5.496629390592713,1.902364730834961,0.1213358532719403,4.0,8.0,8.441878827084778,8.441878827084778,-0.5321234103037861,False,0.0,False
custom_z,custom_z,1,136,12.162534872946233,5.36143440312289,2.3488731384277344,0.1683817924522367,4.0,8.0,8.57840334567493,8.57840334567493,-0.8073866023449815,False,0.0,False
custom_z,custom_z,1,137,12.308762721988971,5.2102061452250625,1.8335660696029663,0.21036294783653683,4.0,8.0,8.764615663133984,8.764615663133984,-0.8825417386006974,False,0.0,False
custom_z,custom_z,1,138,12.432824483190997,5.059517386673563,1.947228193283081,0.19518817214764947,4.0,8.0,8.9307875780124,8.9307875780124,-0.8482775939612076,False,0.0,False
custom_z,custom_z,1,139,12.52643235987696,4.90333834705939,2.219585657119751,0.1820832968519078,4.0,8.0,9.071348421285,9.071348421285,-0.7678397809293751,False,0.0,False
custom_z,custom_z,1,140,12.571825212585988,4.756894848854795,1.8029534816741943,0.15331734814906836,4.0,8.0,9.164819610691167,9.164819610691167,-0.6043485938903849,False,0.0,False
custom_z,custom_z,1,141,12.637225152781832,4.610854882117313,1.9712351560592651,0.1600150744845774,4.0,8.0,9.278359928883726,9.278359928883726,-0.7052255514918846,False,0.0,False
custom_z,custom_z,1,142,12.727791253976442,4.515533824613352,2.1468420028686523,0.13148506641161037,4.0,8.0,9.397651020356168,9.397651020356168,-0.9060063239263552,False,0.0,False
custom_z,custom_z,1,143,12.873942897530181,4.492065656402427,1.6039317846298218,0.14802384210874847,4.0,8.0,9.542141578682308,9.542141578682308,-0.9757588182245674,False,0.0,False
custom_z,custom_z,1,144,13.059090438884693,4.452714171146545,2.011711597442627,0.18928325721379752,4.0,8.0,9.72884146913067,9.72884146913067,-0.986082962583665,False,0.0,False
custom_z,custom_z,1,145,13.24448211830901,4.384921244325552,1.3204801082611084,0.1973979628231386,4.0,8.0,9.926189805029106,9.926189805029106,-0.9997434941752666,False,0.0,False
custom_z,custom_z,1,146,13.41258923027717,4.310176418484104,1.6975111961364746,0.1839749713530185,4.0,8.0,10.109976957473275,10.109976957473275,-0.998960194300482,False,0.0,False
custom_z,custom_z,1,147,13.563021437189729,4.214633586589896,1.9917768239974976,0.1782085340351232,4.0,8.0,10.284958818192885,10.284958818192885,-0.9815775659337437,False,0.0,False
custom_z,custom_z,1,148,13.675809288259945,4.054250520406841,2.1894707679748535,0.19607097507615814,4.0,8.0,10.449412631267228,10.449412631267228,-0.8359200815101141,False,0.0,False
custom_z,custom_z,1,149,13.769067117234773,3.8954870535880914,1.9759190082550049,0.18412729580756457,4.0,8.0,10.59630590669695,10.59630590669695,-0.7945781089868224,False,0.0,False
custom_z,custom_z,1,150,13.871923659674643,3.7625012501537425,1.7555221319198608,0.16812106422981052,4.0,8.0,10.742963855351677,10.742963855351677,-0.8704391234622716,False,0.0,False
custom_z,custom_z,1,151,14.006171001737176,3.7061881585860315,1.77555513381958,0.14557992008779302,4.0,8.0,10.888538848049023,10.888538848049023,-0.9999656947104617,False,0.0,False
custom_z,custom_z,1,152,14.188067723068528,3.6968194776188597,1.7807420492172241,0.1821378308154574,4.0,8.0,11.059569907461643,11.059569907461643,-0.9380310231258152,False,0.0,False
custom_z,custom_z,1,153,14.451486916616766,3.6595703783219458,1.7622461318969727,0.26603978448351534,4.0,8.0,11.316930152163692,11.316930152163692,-0.9666030337627676,False,0.0,False
custom_z,custom_z,1,154,14.6933039721418,3.619217800621082,1.6559776067733765,0.2451608020665251,4.0,8.0,11.555864421107527,11.555864421107527,-0.9740590390956075,False,0.0,False
custom_z,custom_z,1,155,14.91445811286146,3.572160329225321,1.8814842700958252,0.22610519580853095,4.0,8.0,11.778419250794792,11.778419250794792,-0.9839929014367048,False,0.0,False
custom_z,custom_z,1,156,15.10115687618851,3.4824888723931613,1.9738558530807495,0.20711687135105986,4.0,8.0,11.985140415439405,11.985140415439405,-0.9980558882701838,False,0.0,False
custom_z,custom_z,1,157,15.275464879563076,3.367947802059282,1.8085639476776123,0.20857357654712275,4.0,8.0,12.189832476892692,12.189832476892692,-0.9810693406442239,False,0.0,False
custom_z,custom_z,1,158,15.433490184682814,3.2835815355864835,1.732731819152832,0.17913588132126265,4.0,8.0,12.368075878433922,12.368075878433922,-0.994944828735748,False,0.0,False
custom_z,custom_z,1,159,15.59480332653547,3.2587549899860098,1.9062548875808716,0.163212398734984,4.0,8.0,12.526726165523877,12.526726165523877,-0.9716843014528164,False,0.0,False
custom_z,custom_z,1,160,15.77217237125165,3.2491897449501064,1.3291785717010498,0.17762677708084174,4.0,8.0,12.694654009383159,12.694654009383159,-0.9446440012667335,False,0.0,False
custom_z,custom_z,1,161,16.010804995034917,3.2239168104574993,2.1077401638031006,0.23996718598915598,4.0,8.0,12.925571835017056,12.925571835017056,-0.9615897687554529,False,0.0,False
custom_z,custom_z,1,162,16.27594646862584,3.1911138271192896,1.3128424882888794,0.26716294041998573,4.0,8.0,13.184242409948721,13.184242409948721,-0.9675662082076532,False,0.0,False
custom_z,custom_z,1,163,16.51597637269506,3.155488507606819,1.6164950132369995,0.24265926365553223,4.0,8.0,13.42084036719723,13.42084036719723,-0.9745673300955544,False,0.0,False
custom_z,custom_z,1,164,16.725198717971406,3.1260740300587253,2.1995368003845215,0.21127991208906105,4.0,8.0,13.626659046601596,13.626659046601596,-0.9737500082841151,False,0.0,False
custom_z,custom_z,1,165,16.8710288059166,3.109682750180684,1.7016147375106812,0.1467483853612805,4.0,8.0,13.76875394967225,13.76875394967225,-0.9679532961144468,False,0.0,False
custom_z,custom_z,1,166,17.007622301391095,3.098483026779202,1.5310243368148804,0.13705187634691837,4.0,8.0,13.90047145151626,13.90047145151626,-0.9606978117987321,False,0.0,False
custom_z,custom_z,1,167,17.15846104709409,3.092694681603975,1.8780341148376465,0.15094976695947657,4.0,8.0,14.043743895979105,14.043743895979105,-0.9486016236298335,False,0.0,False
custom_z,custom_z,1,168,17.34565862284983,3.133465691606481,1.9238371849060059,0.19158603191634366,4.0,8.0,14.205272269563057,14.205272269563057,-0.8411390365314821,False,0.0,False
custom_z,custom_z,1,169,17.588257237742113,3.176171067187916,1.3987642526626587,0.24632871747160556,4.0,8.0,14.419086667750003,14.419086667750003,-0.8658665204255847,False,0.0,False
custom_z,custom_z,1,170,17.82750562349944,3.19231134356337,1.3472535610198975,0.23979219880755787,4.0,8.0,14.639459757284014,14.639459757284014,-0.9177246948285684,False,0.0,False
custom_z,custom_z,1,171,18.01710451592641,3.221835597557918,1.215410590171814,0.19188387525654046,4.0,8.0,14.809121313135673,14.809121313135673,-0.8827586337914128,False,0.0,False
custom_z,custom_z,1,172,18.069170543432982,3.273632676097417,1.7202441692352295,0.07344255282560813,4.0,8.0,14.841836404591461,14.841836404591461,-0.4434638356033146,False,0.0,False
custom_z,custom_z,1,173,18.02618069273206,3.328573566209752,1.9661097526550293,0.0697612261189794,4.0,8.0,14.783638582956627,14.783638582956627,0.8349576388153768,False,0.0,False
custom_z,custom_z,1,174,17.926285317900724,3.386305189769067,1.4739328622817993,0.11537775466478432,4.0,8.0,14.670637428466739,14.670637428466739,0.9795606768333222,False,0.0,False
custom_z,custom_z,1,175,17.851447125497398,3.4349216919784724,2.142133951187134,0.08924303518636342,4.0,8.0,14.58432471624308,14.58432471624308,0.9673611487413157,False,0.0,False
custom_z,custom_z,1,176,17.795143889236574,3.4790742491926108,2.1649787425994873,0.07155070035988417,4.0,8.0,14.517050822018037,14.517050822018037,0.9405113970742418,False,0.0,False
custom_z,custom_z,1,177,17.769811969051144,3.5420670263548253,1.8973783254623413,0.06789547963516711,4.0,8.0,14.473454600078622,14.473454600078622,0.6434821869213513,False,0.0,False
custom_z,custom_z,1,178,17.728195467314627,3.5931590212691265,1.8305648565292358,0.06589632130178794,4.0,8.0,14.41816903079651,14.41816903079651,0.8396521764762466,False,0.0,False
custom_z,custom_z,1,179,17.629581713612456,3.578085079204579,1.685523271560669,0.09975919079762932,4.0,8.0,14.32895073809636,14.32895073809636,0.895029031700972,False,0.0,False
custom_z,custom_z,1,180,17.49567690090239,3.5400495296822343,1.611096978187561,0.13920201828416495,4.0,8.0,14.213530638488031,14.213530638488031,0.8306732949138558,False,0.0,False
custom_z,custom_z,1,181,17.333884247110152,3.4962674627717663,1.7505744695663452,0.16761184983194716,4.0,8.0,14.073950258623928,14.073950258623928,0.8345668718737713,False,0.0,False
custom_z,custom_z,1,182,17.109514944321102,3.4689080101152863,2.06796932220459,0.22603124492801124,4.0,8.0,13.870478603717167,13.870478603717167,0.9017155438656792,False,0.0,False
custom_z,custom_z,1,183,16.896746409483324,3.4501989365973222,2.3849081993103027,0.21358951015655098,4.0,8.0,13.675772653384566,13.675772653384566,0.9128907181894144,False,0.0,False
custom_z,custom_z,1,184,16.71727192921179,3.4213615731280997,2.3515868186950684,0.18177646327452063,4.0,8.0,13.516395050661481,13.516395050661481,0.8783149335976245,False,0.0,False
custom_z,custom_z,1,185,16.63718229455672,3.3040749501484834,1.9816714525222778,0.1420228907928063,4.0,8.0,13.481472042016806,13.481472042016806,0.25083309955167393,False,0.0,False
custom_z,custom_z,1,186,16.52990880795036,3.1732409495885174,2.2030014991760254,0.16918964693860566,4.0,8.0,13.427442707614922,13.427442707614922,0.3249768335878663,False,0.0,False
custom_z,custom_z,1,187,16.387552926314363,3.0629272303219826,2.2762045860290527,0.18009529059577795,4.0,8.0,13.335147357091174,13.335147357091174,0.5174255808530726,False,0.0,False
custom_z,custom_z,1,188,16.187046477782765,3.0126851774969223,2.2067320346832275,0.20670534529815782,4.0,8.0,13.168045070943379,13.168045070943379,0.8110934799614449,False,0.0,False
custom_z,custom_z,1,189,15.905028405603465,3.066053191150204,2.176330804824829,0.2870232358486427,4.0,8.0,12.886952023298003,12.886952023298003,0.9797846906570445,False,0.0,False
custom_z,custom_z,1,190,15.679178429471966,3.1193219560095398,2.291072130203247,0.23204691988526385,4.0,8.0,12.657970886225556,12.657970886225556,0.9870244175632364,False,0.0,False
custom_z,custom_z,1,191,15.502567546573976,3.1469049251188514,2.1767187118530273,0.1787518507397689,4.0,8.0,12.484454011663166,12.484454011663166,0.9711212387392221,False,0.0,False
custom_z,custom_z,1,192,15.346703472134028,3.14497574494623,2.0767822265625,0.15587601302689358,4.0,8.0,12.341755961033213,12.341755961033213,0.9164696206045578,False,0.0,False
custom_z,custom_z,1,193,15.171870286108712,3.154935410390301,2.022822380065918,0.17511664076129496,4.0,8.0,12.177246674315526,12.177246674315526,0.9402603598611963,False,0.0,False
custom_z,custom_z,1,194,14.977704046639237,3.2038313136366905,2.4161219596862793,0.20022821455528594,4.0,8.0,11.979700338641674,11.979700338641674,0.9868246511948519,False,0.0,False
custom_z,custom_z,1,195,14.844468208010218,3.3186786851468444,1.9504342079162598,0.17590255097061397,4.0,8.0,11.811742461103815,11.811742461103815,0.9554830043230538,False,0.0,False
custom_z,custom_z,1,196,14.694567543898183,3.4768094658761513,1.7383943796157837,0.21788885449992468,4.0,8.0,11.611762465663341,11.611762465663341,0.9192612463839667,False,0.0,False
custom_z,custom_z,1,197,14.559015300162349,3.5998611388635253,1.8227078914642334,0.18307409703945163,4.0,8.0,11.43914446566464,11.43914446566464,0.9437607430013397,False,0.0,False
custom_z,custom_z,1,198,14.424356038365516,3.702795876167245,1.439352035522461,0.16949535961628448,4.0,8.0,11.275334234358326,11.275334234358326,0.9669471558036294,False,0.0,False
custom_z,custom_z,1,199,14.291994663378246,3.752485188872126,1.6135636568069458,0.14138090884417318,4.0,8.0,11.134026056272589,11.134026056272589,0.9994920175157477,False,0.0,False
custom_z,custom_z,1,200,14.146647018044833,3.6666265263980806,2.162753105163574,0.16881246377504106,4.0,8.0,11.033248450502457,11.033248450502457,0.6018588515402464,False,0.0,False
custom_z,custom_z,1,201,13.988495555273309,3.6356028785796966,1.9652446508407593,0.16116560396291754,4.0,8.0,10.900367227354153,10.900367227354153,0.8268397414377402,False,0.0,False
custom_z,custom_z,1,202,13.853272665298784,3.6543745273319006,1.980277419090271,0.13651961313283376,4.0,8.0,10.769003805618514,10.769003805618514,0.9626952271636192,False,0.0,False
custom_z,custom_z,1,203,13.780342100318654,3.774979196038265,2.199291944503784,0.14094095722001038,4.0,8.0,10.653914416456281,10.653914416456281,0.818759136378768,False,0.0,False
custom_z,custom_z,1,204,13.636926398186015,3.969061599325811,1.6995587348937988,0.24132145135496694,4.0,8.0,10.445995155756309,10.445995155756309,0.864504543933843,False,0.0,False
custom_z,custom_z,1,205,13.503228110417256,4.132253456551665,1.2533739805221558,0.21096638219659888,4.0,8.0,10.260156326439732,10.260156326439732,0.8831553130213382,False,0.0,False
custom_z,custom_z,1,206,13.37471982402041,4.289939969234391,0.8661466836929321,0.203419310673036,4.0,8.0,10.082158360726426,10.082158360726426,0.8773526926892184,False,0.0,False
custom_z,custom_z,1,207,13.294904909579099,4.395340664773875,1.6295530796051025,0.13221091932015608,4.0,8.0,9.969394475149958,9.969394475149958,0.8546960171227762,False,0.0,False
custom_z,custom_z,1,208,13.28772587461145,4.440067760958022,1.768235445022583,0.04529957699728166,4.0,8.0,9.94660592707369,9.94660592707369,0.5047601225048491,False,0.0,False
custom_z,custom_z,1,209,13.275436558211354,4.474369737063554,1.2528727054595947,0.036436971091545756,4.0,8.0,9.92289232514074,9.92289232514074,0.6518673899803255,False,0.0,False
custom_z,custom_z,1,210,13.221253783696232,4.464426747508292,1.5659900903701782,0.05508753121580707,4.0,8.0,9.87581893146421,9.87581893146421,0.8552688299362154,False,0.0,False
custom_z,custom_z,1,211,13.118376938807065,4.444331281971477,2.055798292160034,0.10482114743452774,4.0,8.0,9.78711285469495,9.78711285469495,0.847767601847971,False,0.0,False
custom_z,custom_z,1,212,12.960686380445932,4.454276180980253,1.8273882865905762,0.1580038392335481,4.0,8.0,9.636703679654843,9.636703679654843,0.9526910098308349,False,0.0,False
custom_z,custom_z,1,213,12.816480018739005,4.4858222066900995,1.5784945487976074,0.14761648449558448,4.0,8.0,9.49103605955728,9.49103605955728,0.9869986846807013,False,0.0,False
custom_z,custom_z,1,214,12.685104885956594,4.528090844392303,1.9018712043762207,0.13800747532940497,4.0,8.0,9.353352343671206,9.353352343671206,0.9976881162714146,False,0.0,False
custom_z,custom_z,1,215,12.573257454417835,4.590668338471995,2.266406536102295,0.1281631409848844,4.0,8.0,9.226282336782692,9.226282336782692,0.9915871331448659,False,0.0,False
custom_z,custom_z,1,216,12.570049674918724,4.664012572782971,1.8202667236328125,0.0734143484339281,4.0,8.0,9.196442983302001,9.196442983302001,0.409772525646312,False,0.0,False
custom_z,custom_z,1,217,12.649713820835776,4.7319885876782335,1.7037378549575806,0.10472399317126095,4.0,8.0,9.24648299481607,9.24648299481607,-0.4734338366305132,False,0.0,False
custom_z,custom_z,1,218,12.705299548369194,4.802362487044303,1.9285571575164795,0.08967864192440138,4.0,8.0,9.274002689836703,9.274002689836703,-0.3024774340825097,False,0.0,False
custom_z,custom_z,1,219,12.735782391577086,4.868049373765943,2.2791242599487305,0.07241526646514837,4.0,8.0,9.280248311233713,9.280248311233713,-0.08237213663583925,False,0.0,False
custom_z,custom_z,1,220,12.65534645191836,4.992636249319378,1.6943066120147705,0.1482964259479952,4.0,8.0,9.162928512852403,9.162928512852403,0.7941061227015628,False,0.0,False
custom_z,custom_z,1,221,12.579154435232105,5.127801413850138,1.206691026687622,0.15516070736286958,4.0,8.0,9.04717721401786,9.04717721401786,0.7497638542083138,False,0.0,False
custom_z,custom_z,1,222,12.528913089792063,5.247073969101034,1.9788849353790283,0.1294223134845913,4.0,8.0,8.962196171967422,8.962196171967422,0.6606869603943718,False,0.0,False
custom_z,custom_z,1,223,12.504108086316926,5.358469696286969,2.069993734359741,0.11412403880289515,4.0,8.0,8.904916433588538,8.904916433588538,0.5066707964299123,False,0.0,False
custom_z,custom_z,1,224,12.540707328456179,5.447596126350298,1.9749865531921387,0.09634845645365167,4.0,8.0,8.91394678044283,8.91394678044283,-0.08836358785355893,False,0.0,False
custom_z,custom_z,1,225,12.647398558405353,5.51565354860544,2.0240185260772705,0.12654971857764902,4.0,8.0,8.997192846575409,8.997192846575409,-0.6537863271741788,False,0.0,False
custom_z,custom_z,1,226,12.72887563441583,5.580679266448739,2.1091346740722656,0.10424422236389626,4.0,8.0,9.057945829650858,9.057945829650858,-0.5789692165318693,False,0.0,False
custom_z,custom_z,1,227,12.768183307323953,5.653089656532989,2.1715712547302246,0.08239149071114897,4.0,8.0,9.076840125897716,9.076840125897716,-0.2250145475582034,False,0.0,False
custom_z,custom_z,1,228,12.640281839615055,5.741914069717771,1.9384335279464722,0.1557194972368946,4.0,8.0,8.930477161748989,8.930477161748989,0.9409140290754328,False,0.0,False
custom_z,custom_z,1,229,12.506222077519528,5.821543071818299,1.283842921257019,0.15592561620412215,4.0,8.0,8.780745333969291,8.780745333969291,0.9609570687976584,False,0.0,False
custom_z,custom_z,1,230,12.390684922968612,5.892122532116769,1.8801013231277466,0.13538941722950693,4.0,8.0,8.651401094397519,8.651401094397519,0.9560227916769102,False,0.0,False
custom_z,custom_z,1,231,12.291459271854194,5.954691919786587,2.0707666873931885,0.11730583153644226,4.0,8.0,8.539998946124241,8.539998946124241,0.9503379460485755,False,0.0,False
custom_z,custom_z,1,232,12.221060148399657,6.051786886919974,2.1165835857391357,0.11993110199527345,4.0,8.0,8.4487492741578,8.4487492741578,0.763807668094066,False,0.0,False
custom_z,custom_z,1,233,12.12684757478027,6.2031821835327,1.6695878505706787,0.1783158570190656,4.0,8.0,8.323112745198534,8.323112745198534,0.7098870924673646,False,0.0,False
custom_z,custom_z,1,234,12.02409710462326,6.312299659828078,1.978177785873413,0.14988089521536316,4.0,8.0,8.199662601756234,8.199662601756234,0.8265505502484223,False,0.0,False
custom_z,custom_z,1,235,11.892495873495923,6.343521710261285,1.6901476383209229,0.13525420683839995,4.0,8.0,8.064453573400113,8.064453573400113,0.999671482429562,False,0.0,False
custom_z,custom_z,1,236,11.718200764834457,6.3847879061130515,1.987038254737854,0.17911360591364547,4.0,8.0,7.8853999996531465,7.8853999996531465,0.999672280283651,False,0.0,False
custom_z,custom_z,1,237,11.5020028047163,6.450052697808295,1.88416588306427,0.22583412274117395,4.0,8.0,7.660442723599112,7.660442723599112,0.9962282804965706,False,0.0,False
custom_z,custom_z,1,238,11.314568916298244,6.5149846051693965,1.4801273345947266,0.19836233291898672,4.0,8.0,7.463791875056563,7.463791875056563,0.9915943832076958,False,0.0,False
custom_z,custom_z,1,239,11.142632436661872,6.583220397637099,2.2661032676696777,0.18498182722484918,4.0,8.0,7.281789791454151,7.281789791454151,0.9842877064624896,False,0.0,False
custom_z,custom_z,1,240,11.026472569183682,6.670161485675119,2.2526533603668213,0.14509261732350637,4.0,8.0,7.1512087956982855,7.1512087956982855,0.9018769408872352,False,0.0,False
custom_z,custom_z,1,241,10.92045793950388,6.758215869492453,1.7334153652191162,0.1378139188021147,4.0,8.0,7.0309861270822225,7.0309861270822225,0.8746579562805007,False,0.0,False
custom_z,custom_z,1,242,10.789317353456902,6.774164003014185,1.4736913442611694,0.13210676088517165,4.0,8.0,6.899094434594821,6.899094434594821,0.998402574419654,False,0.0,False
custom_z,custom_z,1,243,10.63627960821528,6.775142369942899,1.7538955211639404,0.15304087254876197,4.0,8.0,6.748368932736492,6.748368932736492,0.9852039661469596,False,0.0,False
custom_z,custom_z,1,244,10.45209876977159,6.767078969044145,1.9678153991699219,0.1843572610012283,4.0,8.0,6.568841054817913,6.568841054817913,0.9745104792358978,False,0.0,False
custom_z,custom_z,1,245,10.21923478679285,6.795021348732824,1.8780229091644287,0.23453445621355792,4.0,8.0,6.33489186042382,6.33489186042382,0.9975935661499544,False,0.0,False
custom_z,custom_z,1,246,10.011296073027053,6.829500955386087,1.827028751373291,0.21077796838744275,4.0,8.0,6.12419370129918,6.12419370129918,0.9996339545877828,False,0.0,False
custom_z,custom_z,1,247,9.881042291745818,6.889837169511419,2.3880491256713867,0.14354966483080941,4.0,8.0,5.984907680783499,5.984907680783499,0.9709843303043959,False,0.0,False
custom_z,custom_z,1,248,9.848494942301686,6.985556498443669,1.7224680185317993,0.10110153256543009,4.0,8.0,5.93582249633345,5.93582249633345,0.49195930646581365,False,0.0,False
custom_z,custom_z,1,249,9.817827247300174,7.084476817095753,1.7626633644104004,0.10356513389618907,4.0,8.0,5.889422431602563,5.889422431602563,0.45500048646447977,False,0.0,False
custom_z,custom_z,1,250,9.806874152227468,7.157860861007717,2.06126070022583,0.07419695541290597,4.0,8.0,5.867621813753009,5.867621813753009,0.29957628075116205,False,0.0,True
