landmark_id,x,y
0,3.7995312,4.262265
1,15.889972,2.401873
2,20.162098,16.694822
3,12.014503,3.7263758
4,20.211306,0.09930731
5,3.008018,6.478075
6,11.718306,10.294415
7,0.05266387,19.928478
8,4.286527,8.742261
9,12.719749,10.347739
10,20.40185,13.634074
11,17.036669,11.015087
12,4.3746953,11.996549
13,12.036255,8.217795
14,13.366745,3.7709284
15,4.0126863,11.771439
16,4.656849,19.230879
17,12.949051,4.93298
18,14.271932,2.7317777
19,3.0465405,4.947651
20,11.234148,9.224865
21,18.194778,4.154995
22,-0.38517043,0.3773465
23,15.978938,0.045281865
24,11.873746,7.033541
25,16.36103,0.5113727
26,-0.2739917,0.088216364
27,3.94371,8.4789915
28,0.16685952,20.86018
29,16.203684,19.519926
30,0.6280271,13.997373
31,8.922898,16.79646
32,8.295047,17.025196
33,18.591963,12.55769
34,0.017292866,4.163739
35,0.67410964,13.580444
36,12.74981,14.226521
37,7.7407765,7.582551
38,12.764056,3.6202834
39,9.789444,8.865806
40,3.6255052,3.6597538
41,7.8372684,7.948743
42,3.5681663,12.489276
43,3.510637,12.558491
44,19.42749,3.582469
45,-0.44882396,17.824522
46,11.878872,12.323844
47,6.8359294,8.590503
48,4.1295824,10.545349
49,2.897367,0.5263155
50,4.489006,8.335523
51,10.901037,11.301869
52,3.1400812,11.082352
53,20.625185,12.065105
54,16.7397,-0.448598
55,12.307699,7.480161
56,12.856248,12.123819
57,2.3665893,4.3113804
58,-0.67432654,4.0037904
59,20.265472,13.946945
60,12.9487915,8.826596
61,16.615446,11.398253
62,7.3536115,8.706729
63,15.302603,20.166012
64,5.095764,2.1517038
65,20.453897,-0.34761277
66,0.14438108,18.465593
67,3.9137805,8.946069
68,20.296616,13.233262
69,19.092472,21.545364
70,10.672733,6.65762
71,6.1349483,7.3695073
72,4.1164145,8.929412
73,12.241099,12.346464
74,2.5981543,3.4885154
75,4.8318253,10.347178
76,0.56808275,1.4923408
77,11.802084,7.7329693
78,1.4678429,3.1699169
79,12.235809,15.518724
80,0.6457705,18.530302
81,19.563509,13.427072
82,20.031206,20.687477
83,19.970325,15.530613
84,11.55235,10.650187
85,18.21392,0.44702604
86,11.536145,7.5994854
87,21.076334,13.669241
88,16.944763,0.5813336
89,16.200384,3.7487607
90,13.846457,3.263771
91,12.593304,3.9905243
92,4.636834,5.5407305
93,11.870228,9.393877
94,8.236374,7.3322425
95,1.1021097,13.398916
96,8.098285,6.6104846
97,14.544095,12.826669
98,8.371681,16.757233
99,7.9088078,20.370884
100,12.67954,5.1852107
101,3.4018252,8.911314
102,3.3026829,12.880138
103,20.31294,11.6793375
104,11.331319,7.473114
105,-1.4494258,4.263817
106,0.38760915,15.773599
107,11.45962,8.234605
108,12.3276205,4.3126
109,17.970737,1.1662763
110,2.4041786,3.0842974
111,12.72107,7.2568784
112,14.210238,2.588472
113,15.730063,2.4756172
114,9.129256,7.8487
115,-0.35433283,0.334014
116,6.075947,7.883409
117,11.408636,3.5199323
118,9.39846,7.8947506
119,8.287072,7.9375253
120,3.3788652,3.6245372
121,12.578463,5.2973514
122,13.231841,12.794808
123,10.866617,8.601395
124,12.181243,11.58913
125,14.832839,4.7116876
126,15.978361,19.687815
127,20.403631,15.009552
128,10.120932,7.9736447
129,19.760225,13.803329
130,12.780921,11.942248
131,18.546598,11.513565
132,9.9296055,15.379069
133,16.556135,3.9923947
134,13.871361,2.7832274
135,13.215116,10.928768
136,-0.4306377,15.931144
137,4.318042,6.356615
138,9.1619005,7.0436063
139,11.573738,13.728351
140,13.346447,11.441735
141,15.453297,12.815232
142,1.1047473,11.300375
143,11.538132,13.324817
144,16.137236,10.997172
145,12.362338,8.401054
146,19.728142,4.458122
147,8.532077,7.3996234
148,4.9560337,8.326377
149,7.8966007,7.4651284
150,13.713932,3.4277017
151,0.42204168,11.875011
152,-0.003140389,3.7773824
153,14.62013,11.289308
154,19.943718,15.238609
155,4.810637,7.5707483
156,0.11264877,19.397932
157,12.576197,12.507136
158,3.4128745,3.5397224
159,3.1531143,19.889847
160,6.364092,8.702261
161,3.9146945,8.149792
162,9.459912,8.066599
163,15.758744,19.298885
164,7.5629,8.699784
165,19.268612,14.288658
166,10.047558,7.4740877
167,3.7775605,11.948356
168,5.879538,7.3880763
169,4.24654,9.947847
170,16.597435,-0.08986881
171,12.607989,9.47888
172,1.8057755,4.147507
173,18.986004,15.88009
174,14.475126,3.3661468
175,4.0675673,11.860259
176,7.1418653,8.42237
177,20.188004,11.8105135
178,20.273716,12.378138
179,1.031927,18.220945
180,-0.117875524,-0.62751275
181,3.102663,5.174716
182,5.715825,7.5478086
183,12.190267,9.741924
184,4.2051706,7.8952355
185,11.029016,6.4066653
186,15.51286,2.5421417
187,5.5418434,7.1442137
188,16.056892,0.29427052
189,3.2373567,5.86896
190,13.411096,11.215314
191,15.604465,0.5420531
192,16.215294,19.172112
193,12.515057,11.153798
194,2.558027,4.905775
195,4.9477243,19.369455
196,3.9793057,7.143508
197,17.942682,11.432766
198,4.948554,2.895554
199,15.62489,1.6029305
200,0.59290946,14.276495
201,3.9738157,18.94118
202,2.9998896,9.098474
203,5.7819104,6.6442704
204,4.603777,8.889581
205,13.528057,12.09143
206,0.26311213,1.4655193
207,4.1320643,7.6798215
208,19.424908,19.887
209,3.1102095,12.102416
210,8.6012945,16.528286
211,11.219308,12.261247
212,3.9069045,-0.53406787
213,-0.32095134,4.016891
214,5.824068,7.022453
215,15.570155,19.878538
216,5.966538,20.120354
217,12.870609,11.512727
218,3.6243591,5.3308134
219,6.5306625,7.5503397
220,15.820944,4.136181
221,16.484436,3.7808137
222,15.777797,0.34735286
223,19.557625,3.5876179
224,12.900012,4.6915317
225,12.590251,9.753011
226,10.590511,9.350926
227,1.3951209,18.601143
228,3.1370523,9.555153
229,18.814022,12.617719
230,12.61419,15.846458
231,8.37977,19.597897
232,6.751577,8.717229
233,8.912798,8.416452
234,8.36847,19.456558
235,-0.49213246,3.938905
236,12.131315,15.521854
237,12.844927,5.5607
238,20.6118,20.15493
239,12.172713,15.077431
240,9.086911,17.01304
241,16.21628,0.36304456
242,17.467289,0.5409822
243,-0.09741717,4.072193
244,17.168785,11.72569
245,3.6170394,3.6848505
246,16.176205,19.648952
247,6.065353,8.060572
248,0.3755688,-0.0605389
249,20.110762,19.712456
250,4.177079,4.936435
251,3.6521432,4.178464
252,1.0883949,4.0691195
253,15.371391,20.870602
254,16.062256,12.070419
255,12.581246,14.993323
256,16.20938,19.810472
257,15.345457,12.00987
258,17.110786,3.118083
259,17.496178,4.662543
260,12.038525,7.404036
261,19.871042,15.753487
262,0.78498393,18.200052
263,11.801242,4.0121684
264,2.018001,-0.6434964
265,1.2284387,0.77901536
266,13.374533,2.878894
267,4.053127,4.086424
268,12.097117,13.94284
269,16.40782,4.385447
270,4.9515743,7.6983314
271,12.20772,11.611407
272,19.563547,18.110842
273,11.327427,10.988908
274,11.970686,5.2808366
275,8.306115,18.145786
276,3.8187296,11.926348
277,11.935353,7.848123
278,-0.51328856,-0.28699598
279,16.057356,20.01881
280,4.2553616,4.3750916
281,4.299468,0.11405126
282,7.7481055,7.627892
283,4.0927067,7.8616576
284,12.324625,9.092627
285,20.230894,0.07627261
286,3.068259,6.2391853
287,20.526402,17.895626
288,4.1351275,8.216295
289,9.85135,16.1272
290,11.407847,8.143064
291,0.523016,4.418934
292,16.04675,0.3230852
293,20.511429,12.141274
294,10.976241,15.613298
295,10.121292,16.384733
296,12.800336,6.0733523
297,3.9011903,3.6330802
298,3.703624,11.311129
299,12.505432,10.729728
300,17.842073,0.21099283
301,14.298082,3.023956
302,3.675141,6.363474
303,12.287139,4.029982
304,18.934175,0.2523497
305,4.217515,5.270976
306,4.577766,3.9290378
307,17.899956,10.848219
308,4.5941606,18.746073
309,2.7642317,11.764742
310,5.94918,6.935457
311,13.443538,3.4361217
312,14.666712,3.5269053
313,5.5540953,7.6809754
314,9.949945,9.108789
315,4.463844,11.220224
316,3.2000177,20.67712
317,19.650507,13.000997
318,20.346397,-0.08423186
319,10.586797,4.5763993
320,12.625147,7.9719367
321,13.866155,3.0549521
322,0.56915003,1.5693955
323,5.4782853,8.768452
324,10.870096,7.4151287
325,19.180826,13.403693
326,-0.23757692,1.1400678
327,12.031303,13.201518
328,11.825194,8.070465
329,19.302576,12.197179
330,4.530179,10.331078
331,3.0407867,3.9373157
332,15.701546,3.9333375
333,5.0720706,5.427717
334,3.5556405,0.6181785
335,7.233035,7.6469913
336,0.52078587,13.728574
337,4.511186,8.53042
338,4.0046034,12.117884
339,7.4582624,19.334541
340,0.082668334,17.63066
341,12.264184,8.070341
342,4.508315,10.346673
343,18.889736,4.0914593
344,4.06211,7.6892548
345,-0.07402233,2.710767
346,11.302693,7.60709
347,4.0209155,8.237719
348,2.040029,19.22125
349,3.0443099,1.9825964
350,6.3121524,8.126039
351,8.180694,20.201784
352,14.035162,11.439562
353,3.8885736,12.195288
354,12.871475,5.8864694
355,15.979714,4.0183463
356,9.7771015,7.1842756
357,12.429635,7.7747383
358,11.962974,5.924139
359,11.321403,8.31525
360,-1.2267935,16.846733
361,-0.9217221,0.9032853
362,15.819644,12.169914
363,16.084455,0.44155058
364,19.399788,19.705776
365,20.12525,12.76536
366,2.6298504,19.716782
367,11.968573,5.2077003
368,7.849998,7.4972534
369,14.431059,4.857667
370,12.525453,4.220503
371,8.110975,20.187666
372,2.8445559,12.128044
373,18.620785,12.933291
374,20.304295,20.130558
375,8.3396635,15.289316
376,4.379809,-0.12447158
377,19.54363,3.5261827
378,7.5191774,7.814029
379,11.930788,16.040438
380,20.2892,3.1851475
381,-0.42981777,17.153875
382,12.224885,6.2624955
383,5.7890186,7.118301
384,11.769667,7.7263913
385,1.9016589,12.611158
386,5.526711,6.612974
387,4.771534,7.9363284
388,18.482004,19.261593
389,6.2688937,7.369567
390,15.521846,0.33182555
391,19.60127,12.245309
392,16.128008,-0.32260343
393,6.262861,8.41754
394,15.762353,0.7556874
395,14.004308,2.8208144
396,7.410699,8.843784
397,3.8038712,8.325782
398,16.027468,19.855293
399,21.158813,13.774897
400,19.840754,-0.028101856
401,3.855055,7.600616
402,11.518031,14.186737
403,12.135439,12.01425
404,10.880746,9.626279
405,3.017542,4.3890734
406,13.621264,11.308713
407,1.4732221,2.6505902
408,11.114427,11.944282
409,21.029924,17.040146
410,0.73546404,3.085683
411,16.359955,11.708506
412,16.228415,-0.53218883
413,4.6191645,8.263293
414,15.780093,11.2215805
415,6.4592185,8.052823
416,7.8787446,7.5987473
417,12.024831,11.742842
418,3.4477572,9.964863
419,15.7351675,11.53063
420,9.943503,16.774529
421,2.6526158,12.115948
422,-0.4514828,19.21662
423,2.9959345,11.069968
424,8.29823,7.677262
425,13.341906,11.632531
426,0.0892732,0.2905044
427,0.8788051,19.195992
428,19.422993,3.8469946
429,19.98119,14.315311
430,-0.11508763,-0.29631287
431,2.418274,11.362275
432,12.553152,11.088026
433,-0.5790971,-0.14228483
434,20.087893,4.338788
435,0.76607335,12.453639
436,11.032849,9.303863
437,18.868217,11.928722
438,-0.057432484,3.2079043
439,11.517256,7.6403375
440,12.520033,14.953677
441,-0.8784263,-0.39091095
442,0.5259938,15.565751
443,10.904649,15.857227
444,19.825283,-0.30495593
445,0.41603798,-0.008417324
446,17.807892,3.9891624
447,20.543953,-0.08626099
448,10.937907,11.788831
449,9.778424,15.862976
450,17.721704,20.898323
451,0.30751857,2.6229537
452,15.768989,19.982811
453,19.432991,11.734763
454,12.805609,4.2648044
455,12.612426,7.96473
456,4.2877865,10.839324
457,6.639527,6.6409664
458,2.308782,11.556407
459,8.764843,17.148457
460,14.01943,10.655821
461,19.573626,17.338188
462,1.7406567,12.75524
463,0.44798774,11.443704
464,-0.239209,4.1692557
465,7.763504,8.2762375
466,14.419151,11.095667
467,16.486187,4.2423196
468,3.2471633,7.946411
469,19.316105,20.194569
470,17.386053,20.599295
471,-0.62158597,11.695027
472,6.7127976,8.349755
473,7.022321,6.8377204
474,11.434579,2.4785101
475,11.71909,5.0728955
476,12.122255,13.289504
477,0.785939,12.53041
478,12.566294,12.098303
479,19.409676,4.1299605
480,15.603418,4.5986753
481,5.8793554,8.299904
482,7.2897053,8.476576
483,4.149161,0.017932927
484,1.8553617,11.744564
485,14.203495,10.994802
486,5.001233,8.133448
487,10.475168,7.433936
488,2.907766,4.5135183
489,11.337777,15.451714
490,3.625397,3.6598253
491,16.125921,19.84294
492,1.1596985,18.079887
493,11.589817,6.4622846
494,18.39513,20.345913
495,4.427148,-0.0579973
496,19.511963,13.49219
497,10.340617,7.915725
498,18.994328,11.892655
499,12.198218,4.4020853
500,20.568306,12.084591
501,12.818385,7.4743752
502,4.4496074,8.472865
503,11.169295,11.566674
504,13.72802,12.976955
505,0.56619215,16.964598
506,20.050537,16.408203
507,18.796432,12.406987
508,10.852237,8.681686
509,11.611837,16.33637
510,8.327851,18.782194
511,2.2496924,0.79548866
512,12.422102,8.068988
513,-0.32998803,21.191282
514,3.7955723,6.871526
515,7.9274087,15.616113
516,5.8576865,8.452991
517,15.7382965,11.535376
518,16.597837,19.578426
519,13.830065,10.278857
520,3.7173378,6.1800876
521,13.078176,6.96155
522,20.217524,18.7923
523,19.968653,11.262276
524,7.391811,7.525765
525,2.9844935,7.9109144
526,12.775051,16.216171
527,11.729103,9.813828
528,4.1301293,1.0074708
529,11.114075,10.683803
530,10.962841,14.355243
531,5.8531146,8.379095
532,11.547506,15.21773
533,0.86201173,2.5276623
534,19.199102,0.36378953
535,3.9162674,6.3063846
536,12.481889,10.082493
537,4.7602243,7.8443
538,2.2308202,4.8116565
539,17.667969,12.533675
540,11.946748,11.061551
541,15.817274,2.123995
542,-0.2404756,-0.11229458
543,0.101154655,-0.4140151
544,8.146463,16.326384
545,19.811703,17.732798
546,18.503326,4.9820967
547,16.16826,20.272564
548,9.759422,7.386841
549,4.5245695,7.493284
550,15.794962,12.308955
551,19.571745,19.513388
552,3.4235265,11.395119
553,18.670023,0.4372414
554,2.512717,0.36181077
555,4.7373223,8.656346
556,0.15194467,20.076397
557,1.6715798,11.216142
558,7.274811,7.5858006
559,-1.0690747,19.543203
560,12.441248,7.8036184
561,13.131283,11.062013
562,5.664892,8.805416
563,3.2612257,8.944116
564,19.12403,4.28873
565,18.415815,19.40781
566,-0.28002766,15.723632
567,20.39599,-0.66707075
568,19.029623,0.25931895
569,16.514019,20.037365
570,19.595137,19.201225
571,11.454589,17.204891
572,15.005656,4.139638
573,5.9152536,7.3122416
574,3.092482,4.4970126
575,19.79989,19.72406
576,3.5161362,2.9614186
577,11.908033,8.452106
578,7.7277884,7.674478
579,19.348001,18.649279
580,14.250586,4.593284
581,4.2019343,10.177616
582,14.372099,10.866542
583,21.129381,13.716789
584,-0.09518747,14.246464
585,8.278228,16.24703
586,0.851389,3.6116588
587,4.227941,6.679455
588,11.866996,5.0641146
589,0.97076243,4.181789
590,12.497167,15.250868
591,3.936506,7.8793244
592,6.5255933,7.0131397
593,13.135079,4.1547227
594,11.945692,3.8217816
595,4.824008,6.2150993
596,4.697503,8.926321
597,13.072535,12.309082
598,16.311365,3.9956262
599,11.987576,7.6800404
600,12.316233,9.506186
601,-0.14987491,20.005919
602,15.917706,-0.35682487
603,10.22004,7.3874564
604,11.816098,16.658228
605,12.077125,10.46828
606,19.831753,18.860054
607,11.210942,8.836036
608,-0.8664784,2.7911012
609,4.935216,3.9621754
610,1.9011002,19.408535
611,8.777985,15.094567
612,15.917406,0.47574154
613,4.0196276,2.3496902
614,-0.4513177,4.3653374
615,11.993962,12.992443
616,4.4049287,3.9387088
617,19.37011,11.961628
618,11.261847,12.46901
619,-0.7887876,1.5005453
620,18.14296,12.424932
621,14.193946,12.537298
622,10.800653,7.5563736
623,16.164898,4.6468444
624,15.266582,12.396249
625,19.84447,-0.11252027
626,13.933034,11.219799
627,8.715799,18.231682
628,17.025751,-0.08286749
629,9.47938,8.23777
630,19.229685,16.353247
631,3.2317767,5.454564
632,5.7663283,6.498917
633,2.9217238,5.6045628
634,0.57045555,12.501182
635,-0.114926614,4.2394767
636,1.9247162,4.168581
637,20.365337,20.224157
638,20.25856,12.003113
639,5.5820985,19.668924
640,12.68184,12.960732
641,7.9353757,19.306398
642,11.003278,8.617865
643,5.4069095,7.3010077
644,14.329266,2.5536294
645,14.143796,10.934771
646,13.502478,10.035501
647,12.261248,7.855204
648,8.502629,17.483263
649,10.776337,12.850473
650,19.431906,4.039902
651,8.744354,7.37894
652,9.25066,8.52845
653,4.1067886,12.167677
654,9.171111,7.215013
655,17.721634,20.89834
656,9.623182,15.922607
657,-0.6377558,18.796001
658,10.8178,6.8645926
659,7.333148,7.5909934
660,2.8220217,11.389312
661,4.2346582,1.8551229
662,4.354011,-0.09637529
663,11.621291,7.340321
664,3.5200987,6.7083435
665,0.7546167,4.4841504
666,0.3763598,15.69583
667,7.294009,6.9654336
668,10.97757,4.249211
669,12.229614,7.861503
670,-1.3349682,-0.7742059
671,12.411969,10.695354
672,11.590024,11.7278185
673,8.859373,15.158314
674,12.278129,10.567213
675,11.156773,12.349912
676,15.162518,3.9714282
677,4.022652,8.842637
678,12.760863,10.844948
679,12.764115,10.029947
680,13.099677,4.382491
681,5.208715,8.060933
682,8.147336,7.667472
683,12.452154,13.323996
684,0.9359842,19.064163
685,19.498924,12.225187
686,2.1713812,3.4385612
687,3.7992854,5.5215344
688,3.7182295,8.044156
689,3.8030481,4.377325
690,13.406995,3.7446313
691,4.189993,7.6062307
692,3.4817545,0.9619885
693,14.430967,4.8572226
694,11.446172,4.231186
695,0.996412,13.027864
696,11.700358,4.079985
697,19.52562,0.7961205
698,17.987478,11.510868
699,11.266353,15.905722
700,14.835299,3.4010024
701,4.3098154,9.7689295
702,11.81243,7.8214545
703,0.1811425,20.405825
704,16.288609,3.9680464
705,3.9488883,-0.5927753
706,-0.5057605,19.764488
707,15.170537,3.6363792
708,12.7057905,9.402585
709,5.562783,8.397919
710,13.619517,12.917576
711,5.4326277,7.087775
712,20.073633,12.508367
713,3.1895661,19.785118
714,8.745735,19.98157
715,3.723593,3.988067
716,19.01966,13.847948
717,12.817864,7.474519
718,18.673485,0.48674503
719,12.1841345,4.0033836
720,9.857885,8.363693
721,19.799973,0.28686026
722,16.066269,20.345676
723,5.7131243,7.0336933
724,6.7208714,19.873102
725,19.84121,-0.082712874
726,11.239175,15.891484
727,3.9134715,9.541174
728,8.021096,20.093546
729,4.951917,7.6978707
730,12.1323595,8.20863
731,3.7531347,20.541176
732,12.283965,6.355502
733,13.3146305,11.856667
734,6.51741,8.733091
735,11.9499235,4.53208
736,4.414655,6.66204
737,11.825597,16.063063
738,11.992914,5.6384163
739,20.260443,19.984135
740,14.322214,2.588838
741,19.59909,4.4295034
742,10.977636,4.249047
743,11.12562,14.582251
744,12.705768,9.402594
745,11.5649805,15.641097
746,19.568523,15.346245
747,15.803017,0.1282578
748,15.957822,2.6165855
749,1.0956781,12.223915
750,2.7628582,11.92509
751,12.678496,10.420423
752,3.648719,3.9112282
753,5.6654005,19.003872
754,3.0078678,2.9770484
755,14.171109,12.747945
756,12.958406,4.388102
757,4.0883427,8.78682
758,8.049301,19.907438
759,10.500982,6.1682134
760,3.5003557,1.454402
761,15.272934,2.3990314
762,11.996058,3.7928724
763,14.210082,2.1537414
764,15.561078,3.975453
765,12.708674,10.067158
766,4.076403,0.32712072
767,20.185892,12.87713
768,20.971823,16.671879
769,7.632724,18.022535
770,10.49341,8.553066
771,6.0173726,7.734594
772,3.7949824,0.9367223
773,11.511739,9.82258
774,-0.21025392,-0.8763573
775,4.6573324,5.3164153
776,11.971834,14.825338
777,14.862521,4.611184
778,16.446781,20.225466
779,2.900261,3.4976718
780,19.386763,19.397388
781,3.6198184,3.675755
782,6.2849617,8.178258
783,3.9808674,6.1623063
784,-1.0232514,17.460382
785,12.49372,9.552834
786,3.7364714,5.0467095
787,0.45549703,12.009644
788,15.733029,-0.4057216
789,20.170414,20.110598
790,16.145966,4.973272
791,3.2394645,6.2868695
792,11.70323,8.043603
793,11.438746,4.7140746
794,0.5712887,1.7592481
795,3.5572848,11.315168
796,5.0316286,6.8704605
797,4.453197,3.214515
798,15.80719,-0.19539896
799,19.739779,1.239906
800,15.404173,20.003305
801,3.8892686,7.9076543
802,16.236506,19.56646
803,13.691021,4.8713174
804,2.3710291,19.29654
805,16.966892,-0.57009923
806,7.8872313,20.203506
807,7.81264,20.13943
808,3.4254658,6.616009
809,5.6518455,8.856944
810,12.556545,13.416153
811,16.94679,0.04665845
812,7.8172665,17.349905
813,11.970573,15.792471
814,11.858013,16.26653
815,9.778491,15.862496
816,17.540003,-0.68445027
817,15.51137,12.062513
818,9.982915,16.387001
819,12.138594,4.353479
820,2.2554522,11.239595
821,0.30000046,14.336392
822,11.840578,5.0496936
823,3.1742013,12.0505085
824,4.134686,5.602005
825,13.842405,13.225546
826,4.7425356,4.9802184
827,12.370001,11.155805
828,6.298553,6.752656
829,5.831262,8.788432
830,4.4486313,5.6160555
831,3.787816,12.580992
832,0.5267461,13.646597
833,4.038573,3.5920875
834,12.260883,8.12086
835,10.836149,8.172112
836,6.891803,8.984435
837,18.810846,12.415081
838,13.026953,10.275266
839,12.238666,6.3593316
840,1.4007026,18.597551
841,12.599139,14.279345
842,12.059264,15.255644
843,6.834363,19.413149
844,20.055172,12.011525
845,2.2693262,2.7927737
846,14.056173,12.402576
847,11.787785,5.1548
848,10.747865,8.629543
849,6.955739,7.8041115
850,15.430393,12.618978
851,0.15602592,15.403978
852,3.388617,4.4919853
853,15.820434,11.372011
854,-0.15334673,11.899657
855,11.139547,13.463696
856,13.213751,10.02781
857,0.20956214,11.840253
858,20.26722,13.007868
859,12.497722,5.1097617
860,14.787127,4.28632
861,10.612854,8.490415
862,11.247316,13.8562355
863,7.264582,19.938345
864,12.335293,11.44327
865,12.811539,10.249582
866,4.3688765,-0.33313406
867,11.1514015,11.563104
868,17.538652,19.855505
869,10.714088,7.804002
870,14.489586,3.1640334
871,6.0317144,7.9287376
872,1.2750589,18.894787
873,15.353606,12.783771
874,11.279695,7.501898
875,20.801702,18.292648
876,18.932373,12.249838
877,4.132498,5.298893
878,11.506416,12.234802
879,15.326572,2.574531
880,3.622154,3.6686542
881,3.0298648,4.4396973
882,10.670628,15.2875
883,4.4629464,7.8799953
884,12.18303,7.870054
885,1.9485916,19.619366
886,7.749854,18.976572
887,9.727998,15.535612
888,20.253092,-0.07782899
889,0.9677923,11.724898
890,18.803415,12.111937
891,6.1984363,8.557176
892,0.6339409,13.168967
893,1.4200977,3.169205
894,2.813792,4.571617
895,5.0306773,6.918143
896,20.123451,14.616569
897,5.168841,7.81211
898,0.00082261435,5.2095447
899,4.286491,7.849742
900,15.503199,1.5820875
901,12.535021,5.21118
902,15.814501,20.644182
903,12.052405,12.494496
904,0.62441176,11.87112
905,14.139809,2.2616305
906,11.365448,17.48909
907,11.756628,5.6211224
908,4.0087233,12.694916
909,-0.18545093,11.764787
910,10.875664,7.337914
911,13.078879,11.373608
912,3.8422687,8.164426
913,4.74706,2.9634678
914,12.422378,12.678437
915,8.479095,7.9554987
916,12.664243,6.4974227
917,11.810832,12.189119
918,4.9027667,8.487323
919,20.03543,-0.1732769
920,3.6828434,19.251575
921,19.36927,4.271021
922,4.802364,10.7695675
923,7.7788377,8.531956
924,11.756233,8.349387
925,12.027224,7.955935
926,2.307341,10.804134
927,12.2567425,12.367204
928,8.387068,20.367605
929,3.6111078,6.659017
930,11.425144,4.3917356
931,5.6083283,7.548044
932,11.511998,5.45868
933,4.956479,11.749226
934,7.417024,7.752644
935,7.927558,17.13614
936,-1.389404,-0.7234962
937,13.507014,4.47458
938,20.186531,19.370056
939,17.538363,0.268587
940,13.180992,11.811334
941,3.1869004,8.647452
942,6.5268097,7.485737
943,12.220262,11.629478
944,19.397972,11.970424
945,19.88225,12.427198
946,11.532551,12.73483
947,3.423295,12.048642
948,11.49004,5.72413
949,15.717375,3.5382822
950,7.343551,7.2844644
951,5.2354107,8.786436
952,12.376274,4.187823
953,13.600572,11.26632
954,19.694906,15.692577
955,11.634041,11.643497
956,10.121356,16.384089
957,12.039642,6.122898
958,2.8606102,10.897981
959,15.782488,19.595642
960,12.353867,5.177984
961,11.54448,16.116331
962,14.431125,4.8570385
963,0.5513625,12.103998
964,1.5389767,4.818389
965,20.338285,-0.33583325
966,0.28027502,18.045
967,3.8694744,7.901289
968,9.224853,16.55079
969,9.915438,9.133952
970,4.2281866,-0.0110023795
971,11.544815,14.722225
972,15.667003,0.9914099
973,4.228594,11.782714
974,20.069801,4.1505694
975,11.906255,3.7101552
976,15.333781,4.291532
977,12.235576,6.3573666
978,11.71817,5.0713735
979,7.5209007,18.50735
980,3.7428215,7.834069
981,2.3520458,4.873044
982,3.0128477,19.075514
983,13.396232,3.4983077
984,5.0587177,3.7464318
985,7.6064186,7.0621924
986,5.474549,8.218234
987,9.63765,15.178503
988,11.7174,6.539622
989,3.637298,6.0499387
990,-0.1458767,1.1608065
991,12.684047,10.375433
992,-0.056029875,19.859402
993,19.418728,16.600714
994,20.091942,4.1182995
995,19.047258,12.139542
996,12.162348,7.5637555
997,-0.072528444,0.1765932
998,11.411806,8.4478
999,4.714511,6.7993226
