scenario,mode,seed,step,x,y,z,speed_mps,wp_idx,active_wp_x,active_wp_y,dist_to_wp,dist_to_target,reachability,action_norm,is_flipped,reached_goal
sharp_90deg_turn,baseline_high_actor,2,0,0.0,0.0,0.8128451481188561,0.0,0,4.0,0.0,4.0,8.94427190999916,0.0,0.0,False,False
sharp_90deg_turn,baseline_high_actor,2,1,8.644261604885265e-05,0.003501368806942378,0.7944393075489572,0.07004871404415204,0,4.0,0.0,3.9999150898647162,8.941101656128085,60.55906677246094,1.3093031644821167,False,False
sharp_90deg_turn,baseline_high_actor,2,2,-0.003914635422318667,0.0006460246336892964,0.6706437561749862,0.09830893309732783,0,4.0,0.0,4.003914687539791,8.945445569168584,60.61871337890625,1.3119062185287476,False,False
sharp_90deg_turn,baseline_high_actor,2,3,-0.03154201732675552,0.00367580515818907,0.5584617437368423,0.5558603425034899,0,4.0,0.0,4.031543693055384,8.955139957950609,58.832759857177734,2.0575690269470215,False,False
sharp_90deg_turn,baseline_high_actor,2,4,-0.07468946521539477,0.026794635983277693,0.6159780474869981,0.9790163630955119,0,4.0,0.0,4.074777563310026,8.954054836481758,60.02511215209961,1.477426528930664,False,False
sharp_90deg_turn,baseline_high_actor,2,5,-0.1273882184397981,0.05601325644145395,0.6249459279763196,1.2051367346298125,0,4.0,0.0,4.127768282088135,8.952220891351462,60.88068771362305,1.4094611406326294,False,False
sharp_90deg_turn,baseline_high_actor,2,6,-0.17655099288558404,0.1361362812304221,0.6308264971237924,1.8800720722930624,0,4.0,0.0,4.178769111023102,8.90415244610929,61.251983642578125,1.4939013719558716,False,False
sharp_90deg_turn,baseline_high_actor,2,7,-0.2103638090293353,0.22286288407573362,0.5785508491995552,1.8616992428058323,0,4.0,0.0,4.216257969987435,8.84369974186544,61.72090530395508,2.334282875061035,False,False
sharp_90deg_turn,baseline_high_actor,2,8,-0.22806067418264098,0.30980406967105134,0.5001343309905673,1.774480069087705,0,4.0,0.0,4.239395667563305,8.775853833754166,62.78523254394531,2.071460485458374,False,False
sharp_90deg_turn,baseline_high_actor,2,9,-0.21946136710369768,0.39419033145398336,0.5257999502614661,1.6964656506909295,0,4.0,0.0,4.237834381602519,8.697827024184182,60.74268341064453,1.7000508308410645,False,False
sharp_90deg_turn,baseline_high_actor,2,10,-0.2792322877850655,0.4778050240503214,0.5255152716397281,2.055624457636021,0,4.0,0.0,4.3058247309696585,8.654203962758492,60.60981369018555,1.7919622659683228,False,False
sharp_90deg_turn,baseline_high_actor,2,11,-0.42357499441889096,0.598004045327426,0.5572423464927407,3.7567337767988005,0,4.0,0.0,4.4638127838739,8.623082966331545,58.72137451171875,2.114574432373047,False,False
sharp_90deg_turn,baseline_high_actor,2,12,-0.541743132399806,0.7440180371191528,0.5075413473486173,3.7567962219333126,0,4.0,0.0,4.602281338668838,8.560181360599376,52.76992416381836,2.073551893234253,False,False
sharp_90deg_turn,baseline_high_actor,2,13,-0.5777411967190499,0.9123432028959004,0.5721344331072085,3.4426281860521613,0,4.0,0.0,4.667770836706651,8.437451827280242,50.8067626953125,2.1585793495178223,False,False
sharp_90deg_turn,baseline_high_actor,2,14,-0.6090398254459515,1.0941389321350559,0.6160327207041771,3.6894059863224995,0,4.0,0.0,4.737128678362082,8.302660128007144,50.259708404541016,1.5398377180099487,False,False
sharp_90deg_turn,baseline_high_actor,2,15,-0.6465452361898925,1.2447727230906498,0.5626728843152714,3.1046542359963563,0,4.0,0.0,4.8103889410430725,8.198992510952738,50.49120330810547,2.248891830444336,False,False
sharp_90deg_turn,baseline_high_actor,2,16,-0.6966953308724083,1.3757411447269925,0.46806414590599316,2.804835785751468,0,4.0,0.0,4.894038284314235,8.120329575374484,49.842525482177734,2.3411600589752197,False,False
sharp_90deg_turn,baseline_high_actor,2,17,-0.7774959987615462,1.4676003802201723,0.5597639738982817,2.446782955369945,0,4.0,0.0,4.997831419146206,8.093003942336999,51.03077697753906,2.211536169052124,False,False
sharp_90deg_turn,baseline_high_actor,2,18,-0.8771898068519467,1.5647030937538335,0.5708864859147126,2.7833643201827454,0,4.0,0.0,5.12203828408802,8.074653347581059,49.23532485961914,1.9680813550949097,False,False
sharp_90deg_turn,baseline_high_actor,2,19,-0.9508170150329699,1.6824281653428292,0.5218069969706274,2.777060191293368,0,4.0,0.0,5.228876901197695,8.026350540712357,49.27602005004883,1.8797905445098877,False,False
sharp_90deg_turn,baseline_high_actor,2,20,-0.9863661320767801,1.7765291422567369,0.5001381985593553,2.011838321411171,0,4.0,0.0,5.293382944432587,7.974674709372289,49.8666877746582,1.9414938688278198,False,False
sharp_90deg_turn,baseline_high_actor,2,21,-0.9442001256125296,1.911521563950412,0.5115379001168102,2.8284926031981215,0,4.0,0.0,5.30085177792724,7.8431297674045775,45.481292724609375,1.542533040046692,False,False
sharp_90deg_turn,baseline_high_actor,2,22,-0.9084448569265783,2.0676970395323564,0.574306967248733,3.204323230390536,0,4.0,0.0,5.326180804364403,7.699678521098276,42.62702560424805,1.2658792734146118,False,False
sharp_90deg_turn,baseline_high_actor,2,23,-0.8934060593054113,2.21424371306681,0.5994980036341111,2.946326048345911,0,4.0,0.0,5.3710611690896615,7.577624870170985,44.98166275024414,1.7760440111160278,False,False
sharp_90deg_turn,baseline_high_actor,2,24,-0.9071772161762123,2.3506102251662573,0.5435782399058878,2.7412019541601795,0,4.0,0.0,5.4411172254983695,7.483047043748621,44.45647048950195,1.6890619993209839,False,False
sharp_90deg_turn,baseline_high_actor,2,25,-0.8920626213985254,2.4456672351415847,0.5027958719681199,1.925023233183763,0,4.0,0.0,5.46932947597141,7.401546402912323,46.5457763671875,1.911258339881897,False,False
sharp_90deg_turn,baseline_high_actor,2,26,-0.9273419835019338,2.4403904905701626,0.5613207805638242,0.7134360304036896,0,4.0,0.0,5.498563882401117,7.428859732134094,45.444366455078125,2.003085136413574,False,False
sharp_90deg_turn,baseline_high_actor,2,27,-0.9187428980960055,2.455543031853978,0.5520022821275435,0.3484501555035866,0,4.0,0.0,5.497610688185961,7.41181723797834,39.106712341308594,1.5451087951660156,False,False
sharp_90deg_turn,baseline_high_actor,2,28,-0.8899129240317755,2.490829764967724,0.5142442560483739,0.9113332954270694,0,4.0,0.0,5.487757403772706,7.366288419765993,41.32582092285156,2.097149610519409,False,False
sharp_90deg_turn,baseline_high_actor,2,29,-0.8255993258237566,2.5749672988060857,0.5316152031132781,2.1180522670476223,0,4.0,0.0,5.469631198107548,7.260674119006722,42.22674560546875,2.058499813079834,False,False
sharp_90deg_turn,baseline_high_actor,2,30,-0.7049279035937165,2.671084873833413,0.6155196760683119,3.0854614158763716,0,4.0,0.0,5.410271802898301,7.10870473433113,40.0900764465332,1.7477192878723145,False,False
sharp_90deg_turn,baseline_high_actor,2,31,-0.5883290531519029,2.762992105527844,0.6602829276746369,2.9693252541334156,0,4.0,0.0,5.356014271378207,6.962687353799647,42.40999221801758,1.835716962814331,False,False
sharp_90deg_turn,baseline_high_actor,2,32,-0.4725993321823097,2.8368542197535507,0.6150488952816417,2.745831767140241,0,4.0,0.0,5.296403180496286,6.830974976847328,41.3798942565918,1.6106020212173462,False,False
sharp_90deg_turn,baseline_high_actor,2,33,-0.3535310060787161,2.879746398681693,0.506139033593515,2.5311661576684745,0,4.0,0.0,5.219786541766717,6.720880088403739,43.17317199707031,1.9601517915725708,False,False
sharp_90deg_turn,baseline_high_actor,2,34,-0.25409568837042845,2.7878675694058903,0.5479436862203908,2.707700254964732,0,4.0,0.0,5.086210348614868,6.727826885396409,47.03794479370117,2.221951484680176,False,False
sharp_90deg_turn,baseline_high_actor,2,35,-0.17373898999395496,2.6789494175564657,0.60204356372353,2.7070546929282284,0,4.0,0.0,4.959522874069831,6.7626678505984925,45.866153717041016,2.0817060470581055,False,False
sharp_90deg_turn,baseline_high_actor,2,36,-0.0937304084691045,2.5758452957500038,0.5831342361768753,2.6101213037788393,0,4.0,0.0,4.836693875454808,6.795592903703252,46.444679260253906,1.672365665435791,False,False
sharp_90deg_turn,baseline_high_actor,2,37,-0.006939427122771078,2.5169946866799577,0.4932600507432096,2.0972428215135204,0,4.0,0.0,4.731894528136283,6.79109054854423,46.36273956298828,1.41079580783844,False,False
sharp_90deg_turn,baseline_high_actor,2,38,0.11372072802539283,2.556749486663958,0.4514728400293011,2.5408122451017,0,4.0,0.0,4.651895798202696,6.688209231977762,46.23179626464844,2.2484946250915527,False,False
sharp_90deg_turn,baseline_high_actor,2,39,0.33760500350535716,2.638061158933551,0.5276087172453783,4.7638537699835535,0,4.0,0.0,4.513591008124553,6.493344688655148,44.23429870605469,1.9747358560562134,False,False
sharp_90deg_turn,baseline_high_actor,2,40,0.5542999985389846,2.6973803831497465,0.5444395750035648,4.493350252728361,0,4.0,0.0,4.375923837485007,6.323813983750121,43.57808303833008,1.8145627975463867,False,False
sharp_90deg_turn,baseline_high_actor,2,41,0.7387232659757407,2.7599518914995618,0.4830298024941517,3.8949780604886723,0,4.0,0.0,4.272383454148275,6.172036140147509,45.69090270996094,1.931390643119812,False,False
sharp_90deg_turn,baseline_high_actor,2,42,0.8136157296945064,2.849293015135929,0.5140814206140107,2.331584653790229,0,4.0,0.0,4.274519318490989,6.056634970177566,46.74522018432617,2.1460700035095215,False,False
sharp_90deg_turn,baseline_high_actor,2,43,0.8575014816492575,2.8811758021297256,0.5757108724093843,1.0848910233061686,0,4.0,0.0,4.263387261393747,6.006468022601875,44.47747802734375,1.795108437538147,False,False
sharp_90deg_turn,baseline_high_actor,2,44,0.9258218193512935,2.9072390407832773,0.5529396161274751,1.4624583348365487,0,4.0,0.0,4.231147637063858,5.948679321840993,46.31479263305664,1.3608849048614502,False,False
sharp_90deg_turn,baseline_high_actor,2,45,0.9531531400077459,2.9274016815557755,0.5377087288705821,0.6792740748023958,0,4.0,0.0,4.225275895538686,5.917307621590062,47.323673248291016,2.2556612491607666,False,False
sharp_90deg_turn,baseline_high_actor,2,46,1.0133791997483745,2.932103678091726,0.48156208693828645,1.2081865821645037,0,4.0,0.0,4.185347749419956,5.882472008782282,48.33241271972656,2.271526575088501,False,False
sharp_90deg_turn,baseline_high_actor,2,47,1.2060002193412742,2.9893206083165924,0.5967757422108381,4.018787592962109,0,4.0,0.0,4.091756648876774,5.737015142089291,50.7916374206543,2.3083276748657227,False,False
sharp_90deg_turn,baseline_high_actor,2,48,1.3837112474794462,3.050860050002317,0.6743456601406016,3.761292990710341,0,4.0,0.0,4.0190439013857135,5.598120495418853,42.92713928222656,1.8217523097991943,False,False
sharp_90deg_turn,baseline_high_actor,2,49,1.5615331297933641,3.095768347350849,0.6518973691417671,3.668099071748692,0,4.0,0.0,3.9407997078708217,5.477007283174012,42.07750701904297,1.6863069534301758,False,False
sharp_90deg_turn,baseline_high_actor,2,50,1.735902389973583,3.1252719816287264,0.540417680852169,3.536953679730602,0,4.0,0.0,3.8592049630566243,5.374859183348087,42.1433219909668,2.0040063858032227,False,False
sharp_90deg_turn,baseline_high_actor,2,51,1.9059893217702177,3.076131924651449,0.5406582394318623,3.5408648416861745,0,4.0,0.0,3.7212186630726474,5.350640853577915,41.0199089050293,2.0724081993103027,False,False
sharp_90deg_turn,baseline_high_actor,2,52,2.0883516611022515,2.9918300562933755,0.5515411659193943,4.018100437535814,0,4.0,0.0,3.550414969739586,5.360612423656176,42.11890411376953,1.781761884689331,False,False
sharp_90deg_turn,baseline_high_actor,2,53,2.224401227939186,2.9463133393783134,0.5540888476240964,2.8692337761321176,0,4.0,0.0,3.439987397235993,5.35653804831903,37.64622497558594,1.8133035898208618,False,False
sharp_90deg_turn,baseline_high_actor,2,54,2.3102335703008565,3.0035282903306113,0.6314528087732755,2.0630794078527237,0,4.0,0.0,3.446228776177594,5.274470602104512,36.32866287231445,1.6176766157150269,False,False
sharp_90deg_turn,baseline_high_actor,2,55,2.3848614564920636,3.113605562930262,0.6933804948745903,2.6597990405551766,0,4.0,0.0,3.5075934935843422,5.1464087584791605,38.76610565185547,2.020172119140625,False,False
sharp_90deg_turn,baseline_high_actor,2,56,2.490815699664088,3.2438331951550206,0.689102519888593,3.357709805270456,0,4.0,0.0,3.5777214886530824,4.9898657224307845,38.3057746887207,2.3422157764434814,False,False
sharp_90deg_turn,baseline_high_actor,2,57,2.6024894964807763,3.381888620653032,0.6023181641715568,3.5513567776213075,0,4.0,0.0,3.659263074711768,4.824934022295072,37.690101623535156,1.7293341159820557,False,False
sharp_90deg_turn,baseline_high_actor,2,58,2.698866099916594,3.488585921874437,0.4536092372962252,2.875605242571102,0,4.0,0.0,3.723329311281339,4.695296200481475,38.56155776977539,1.3990004062652588,False,False
sharp_90deg_turn,baseline_high_actor,2,59,2.685714429844064,3.5654713306520796,0.5272567811223012,1.5600426287254976,0,4.0,0.0,3.799991101255636,4.62519092353913,39.5081787109375,1.7416325807571411,False,False
sharp_90deg_turn,baseline_high_actor,2,60,2.62183261198131,3.630202590458988,0.5889123521169269,1.8189032574207509,0,4.0,0.0,3.8830035020810123,4.5819728010792025,31.770130157470703,1.6340250968933105,False,False
sharp_90deg_turn,baseline_high_actor,2,61,2.548272910143498,3.7029821479614173,0.541795306488106,2.069579061037986,0,4.0,0.0,3.9773846094568452,4.535622775778592,30.50655746459961,1.7143958806991577,False,False
sharp_90deg_turn,baseline_high_actor,2,62,2.5051402827840117,3.8231987416430964,0.531567921580666,2.5544042702249175,0,4.0,0.0,4.105052276434055,4.436245521380312,31.278263092041016,1.4692834615707397,False,False
sharp_90deg_turn,baseline_high_actor,2,63,2.4500972816628543,3.9727918195104994,0.5688178265832848,3.187966180389412,0,4.0,0.0,4.264419453744955,4.315159807621315,34.18855285644531,1.817359209060669,False,False
sharp_90deg_turn,baseline_high_actor,2,64,2.4185104014710883,4.143237007070945,0.5567314945869551,3.4669463775930756,0,4.0,0.0,4.434808028203401,4.168420580253655,34.94175338745117,2.2412495613098145,False,False
sharp_90deg_turn,baseline_high_actor,2,65,2.4545795584768624,4.302124574343335,0.585192360740133,3.2586035733636223,0,4.0,0.0,4.571279929543408,4.007818234994326,32.88736343383789,2.212959051132202,False,False
sharp_90deg_turn,baseline_high_actor,2,66,2.5317776252019804,4.469371410087439,0.7185997128637354,3.6840763060778894,0,4.0,0.0,4.704355188882374,3.8237436082673604,21.20037269592285,1.7094674110412598,False,False
sharp_90deg_turn,baseline_high_actor,2,67,2.5756053582727194,4.637067597044478,0.748320002861574,3.466576484432443,0,4.0,0.0,4.850906718845585,3.652152028904272,19.547683715820312,1.547450304031372,False,False
sharp_90deg_turn,baseline_high_actor,2,68,2.6036596898156943,4.804459781276051,0.6863912436207744,3.394536130910373,0,4.0,0.0,5.003258943103456,3.4872974566744244,17.34209632873535,1.9096574783325195,False,False
sharp_90deg_turn,baseline_high_actor,2,69,2.6052306937371155,4.956243012041958,0.5625431053611145,3.035827214783998,0,4.0,0.0,5.148759677058912,3.3481096187903496,14.19892692565918,2.3009774684906006,False,False
sharp_90deg_turn,baseline_high_actor,2,70,2.5729173958531213,5.020253948813461,0.49924504705441464,1.4340919421717786,0,4.0,0.0,5.219148826162728,3.303854005342913,14.497292518615723,1.4159404039382935,False,False
sharp_90deg_turn,baseline_high_actor,2,71,2.5504900678307627,5.021363463306225,0.5506284175534859,0.44909511893679044,0,4.0,0.0,5.22639168777886,3.312605418878673,21.308574676513672,1.3726532459259033,False,False
sharp_90deg_turn,baseline_high_actor,2,72,2.527079692900812,5.033784731878082,0.5652741532467807,0.5300315338902284,0,4.0,0.0,5.244852996791622,3.3117861114366587,29.709470748901367,1.8404874801635742,False,False
sharp_90deg_turn,baseline_high_actor,2,73,2.4988222528781967,5.08185729631551,0.533391355255669,1.1152496345163883,0,4.0,0.0,5.2989440654312325,3.281629392164922,29.415746688842773,1.8163377046585083,False,False
sharp_90deg_turn,baseline_high_actor,2,74,2.5289006686255635,5.15065931407192,0.5459022287398518,1.5017894314749627,0,4.0,0.0,5.3566243673050415,3.20669231253256,27.19182586669922,1.5152827501296997,False,False
sharp_90deg_turn,baseline_high_actor,2,75,2.5722806352714693,5.22830614922177,0.6197225292811744,1.7788594677475704,0,4.0,0.0,5.419738718278863,3.117798804743932,19.25059700012207,1.5728274583816528,False,False
sharp_90deg_turn,baseline_high_actor,2,76,2.6148312579029773,5.28338538824667,0.5939642354279614,1.3920169622373304,0,4.0,0.0,5.461945954036992,3.049374918384806,25.903287887573242,1.6933029890060425,False,False
sharp_90deg_turn,baseline_high_actor,2,77,2.6726581185127634,5.319104781399925,0.48223039271659357,1.3593852809590616,0,4.0,0.0,5.482217812697852,2.991493881568676,29.09501838684082,1.9978572130203247,False,False
sharp_90deg_turn,baseline_high_actor,2,78,2.7380423455839646,5.274345705460468,0.5169956743449301,1.584736196173034,0,4.0,0.0,5.423214889919862,3.0036192260140124,31.33611297607422,2.181195020675659,False,False
sharp_90deg_turn,baseline_high_actor,2,79,2.776676832395677,5.159228971782675,0.6024483027735096,2.4285374976597116,0,4.0,0.0,5.302279052980822,3.0929758497531776,21.465656280517578,1.7131457328796387,False,False
sharp_90deg_turn,baseline_high_actor,2,80,2.8269288484146893,5.035766553239933,0.5923626174319547,2.6659507802207028,0,4.0,0.0,5.170593844560959,3.1879108917240386,25.241676330566406,1.6947884559631348,False,False
sharp_90deg_turn,baseline_high_actor,2,81,2.8842468785913837,4.951522618182187,0.4982560631670635,2.037880975655854,0,4.0,0.0,5.075675449268092,3.24624696771331,25.64275550842285,1.7687699794769287,False,False
sharp_90deg_turn,baseline_high_actor,2,82,2.909523031727726,4.961748376594276,0.45114376586818283,0.5453256100621805,0,4.0,0.0,5.08016603773619,3.2280199729028642,22.53224754333496,2.054806709289551,False,False
sharp_90deg_turn,baseline_high_actor,2,83,2.920899695723358,5.0852274567858435,0.5536969581109823,2.4800412680941517,0,4.0,0.0,5.198460902415114,3.1081113952632173,28.870830535888672,1.8419090509414673,False,False
sharp_90deg_turn,baseline_high_actor,2,84,2.95769570562818,5.230036732127482,0.6366924820858412,2.9882217166660388,0,4.0,0.0,5.3328868787429435,2.959576785188878,19.763132095336914,2.068228244781494,False,False
sharp_90deg_turn,baseline_high_actor,2,85,2.997238003756464,5.351664034378518,0.6186813272700987,2.557873647710607,0,4.0,0.0,5.444799312919704,2.831821853138821,27.39224624633789,1.5944856405258179,False,False
sharp_90deg_turn,baseline_high_actor,2,86,3.0485783997546996,5.477857025911573,0.5443705831254226,2.7247390607775412,0,4.0,0.0,5.559866964032692,2.695627615817316,30.55767822265625,1.941968321800232,False,False
sharp_90deg_turn,baseline_high_actor,2,87,3.1359599626145376,5.5572146828467375,0.4387254398797927,2.3607774348351547,0,4.0,0.0,5.623984372084656,2.5910934548766544,26.985179901123047,1.9605478048324585,False,False
sharp_90deg_turn,baseline_high_actor,2,88,3.320825960800784,5.51006592842202,0.5784496599203328,3.8156751606602755,0,4.0,0.0,5.551765837198053,2.5809008226445034,27.776796340942383,1.9013456106185913,False,False
sharp_90deg_turn,baseline_high_actor,2,89,3.491918508691194,5.464922145333807,0.663874483481197,3.538961491463164,0,4.0,0.0,5.4884898520786605,2.585491545340949,23.02430534362793,1.725988507270813,False,False
sharp_90deg_turn,baseline_high_actor,2,90,3.6429900182193466,5.438329164675845,0.6546530936015501,3.0678844574976685,0,4.0,0.0,5.450034883416334,2.5864287339189103,26.287246704101562,1.8492006063461304,False,False
sharp_90deg_turn,baseline_high_actor,2,91,3.7862291172915548,5.43861609013536,0.5625194411590021,2.86478772890678,0,4.0,0.0,5.442815720394471,2.57028899620401,37.775577545166016,2.037996768951416,False,False
sharp_90deg_turn,baseline_high_actor,2,92,3.8988251193661054,5.505675858105716,0.485224296920048,2.6210587298578583,0,4.0,0.0,5.506605398155873,2.4963752284678553,42.776893615722656,1.9378349781036377,False,False
sharp_90deg_turn,baseline_high_actor,2,93,4.009488581506266,5.624151146278479,0.5313192709909357,3.2423939156410895,0,4.0,0.0,5.6241591504299135,2.375867801227347,38.40106964111328,1.7751531600952148,False,False
sharp_90deg_turn,baseline_high_actor,2,94,4.141436488456773,5.756874661360711,0.576066558850723,3.7430352178093753,0,4.0,0.0,5.75861182464003,2.2475799351997714,32.4572639465332,2.0084075927734375,False,False
sharp_90deg_turn,baseline_high_actor,2,95,4.257531038596253,5.876350788088378,0.5525754336247981,3.3318156869751148,0,4.0,0.0,5.88199122921034,2.139207379169518,31.169757843017578,1.8839941024780273,False,False
sharp_90deg_turn,baseline_high_actor,2,96,4.370990022879927,5.980539118918162,0.4562372748308218,3.080788820791168,0,4.0,0.0,5.992034858876146,2.0532549396741464,31.295753479003906,1.912499189376831,False,False
sharp_90deg_turn,baseline_high_actor,2,97,4.54598901675095,5.984643087569437,0.5724806178045021,3.5009421825880396,0,4.0,0.0,6.009497224560913,2.0880056252065797,29.9952335357666,2.1184005737304688,False,False
sharp_90deg_turn,baseline_high_actor,2,98,4.699560834330359,5.983774334580318,0.6279104066563765,3.071485496394189,0,4.0,0.0,6.024528251084155,2.1341394740798996,28.815826416015625,2.0720043182373047,False,False
sharp_90deg_turn,baseline_high_actor,2,99,4.870894291738456,6.006660394006311,0.5900252854228399,3.4571042994657977,0,4.0,0.0,6.069466694554529,2.175283809576512,30.067068099975586,2.078874111175537,False,False
sharp_90deg_turn,baseline_high_actor,2,100,5.032058368022038,6.1020226456251825,0.5656459180521171,3.7452806847103464,0,4.0,0.0,6.188685227310148,2.1604310941855895,31.15827178955078,1.8445262908935547,False,False
sharp_90deg_turn,baseline_high_actor,2,101,5.199119616200876,6.244393048608324,0.5230869597749164,4.389933588957964,0,4.0,0.0,6.358485071105043,2.1260394214907,30.727209091186523,1.874024748802185,False,False
sharp_90deg_turn,baseline_high_actor,2,102,5.449004201515597,6.357036102170013,0.535858489943911,5.481998303305519,0,4.0,0.0,6.52008597951766,2.1906491151214875,28.104454040527344,1.7294011116027832,False,False
sharp_90deg_turn,baseline_high_actor,2,103,5.708461566726473,6.472489417706456,0.5475194168507821,5.679703951106161,0,4.0,0.0,6.69417360002738,2.2917524962351927,20.969623565673828,1.765956163406372,False,False
sharp_90deg_turn,baseline_high_actor,2,104,5.8870235609222945,6.5568312364428305,0.4821143940377679,3.949578618483154,0,4.0,0.0,6.822968106525801,2.3756249703147563,20.485876083374023,2.149031639099121,False,False
sharp_90deg_turn,baseline_high_actor,2,105,5.797551490955328,6.53983678102179,0.5936135592646798,1.8214349089914186,0,4.0,0.0,6.7823783796719255,2.3158730510743744,31.75460433959961,2.0837035179138184,False,False
sharp_90deg_turn,baseline_high_actor,2,106,5.650741630385891,6.519688830271773,0.6589223054991479,2.963718952926725,0,4.0,0.0,6.725421204196774,2.217266129608988,47.305992126464844,1.4200327396392822,False,False
sharp_90deg_turn,baseline_high_actor,2,107,5.540907234278688,6.515881966250535,0.6458370249623036,2.198006986513939,0,4.0,0.0,6.695603998353048,2.1393927743060117,46.25584411621094,1.7547317743301392,False,False
sharp_90deg_turn,baseline_high_actor,2,108,5.480790030587469,6.518706484553441,0.5856964339927277,1.2036704006155354,0,4.0,0.0,6.684779229447022,2.0945093920990816,41.79990768432617,1.7522361278533936,False,False
sharp_90deg_turn,baseline_high_actor,2,109,5.53079043566342,6.540201365451163,0.6860453843882147,1.0884981235751208,0,4.0,0.0,6.716960120364559,2.115261546794923,35.6280632019043,1.7536708116531372,False,False
sharp_90deg_turn,baseline_high_actor,2,110,5.614251574326313,6.577014486876827,0.7491720719206689,1.8243867546117933,0,4.0,0.0,6.772217340413894,2.1519051828027647,38.35158157348633,1.6420344114303589,False,False
sharp_90deg_turn,baseline_high_actor,2,111,5.691919038627563,6.6153061142848815,0.707024835856068,1.7318757161578524,0,4.0,0.0,6.82824025785307,2.186313607515457,39.0446891784668,1.790056824684143,False,False
sharp_90deg_turn,baseline_high_actor,2,112,5.76488018389743,6.653595036025825,0.575310860597397,1.647952699221045,0,4.0,0.0,6.883685710935772,2.2198217024184905,41.79007339477539,2.1704816818237305,False,False
sharp_90deg_turn,baseline_high_actor,2,113,5.825714407395718,6.687288625924398,0.4032760220278785,1.3908358276795707,0,4.0,0.0,6.932031611568871,2.24865387487709,37.8958740234375,2.2115185260772705,False,False
sharp_90deg_turn,baseline_high_actor,2,114,5.847669487347505,6.637381017872739,0.5554095994517018,1.0904668499550818,0,4.0,0.0,6.88975393689008,2.295781571693728,34.62077331542969,2.2563507556915283,False,False
sharp_90deg_turn,baseline_high_actor,2,115,5.775400981225984,6.575372831614847,0.6831451016945345,1.9044949083712215,0,4.0,0.0,6.810842570407632,2.2763152710113084,30.840147018432617,1.801072359085083,False,False
sharp_90deg_turn,baseline_high_actor,2,116,5.713256922542183,6.518860663298315,0.718493841462736,1.6799415701186429,0,4.0,0.0,6.7402369120185135,2.26473464612608,48.762794494628906,1.7834560871124268,False,False
sharp_90deg_turn,baseline_high_actor,2,117,5.660198847652642,6.469180361971405,0.6736141482911494,1.4537250979352103,0,4.0,0.0,6.678813874443847,2.2582446674178507,46.73455810546875,1.623772144317627,False,False
sharp_90deg_turn,baseline_high_actor,2,118,5.636566059919926,6.487754435781542,0.6300080933890266,0.6011671560968826,0,4.0,0.0,6.690986929256767,2.2282807531772635,49.97026443481445,1.2032760381698608,False,False
sharp_90deg_turn,baseline_high_actor,2,119,5.6076251181510335,6.537207654568365,0.5292155354128982,1.1459841113816234,0,4.0,0.0,6.7319790878654215,2.1735270797400954,46.840309143066406,1.5652055740356445,False,False
sharp_90deg_turn,baseline_high_actor,2,120,5.575071749711897,6.563800890378238,0.43528009443809507,0.8406954234617099,0,4.0,0.0,6.750135787172778,2.1315531659376545,54.82849884033203,1.975955843925476,False,False
sharp_90deg_turn,baseline_high_actor,2,121,5.587133669090356,6.583595651372544,0.4856521728216388,0.463604340753679,0,4.0,0.0,6.772202373255815,2.127250470060116,50.551231384277344,2.1864938735961914,False,False
sharp_90deg_turn,baseline_high_actor,2,122,5.602404819077873,6.640416964544262,0.5251160164817804,1.1767531011218462,0,4.0,0.0,6.8310203240227025,2.1014678761530066,44.97555160522461,2.075303077697754,False,False
sharp_90deg_turn,baseline_high_actor,2,123,5.595942810241922,6.6695560544695605,0.5359126889231769,0.5969402381714652,0,4.0,0.0,6.857843058664616,2.077766720727206,43.50988006591797,1.8431553840637207,False,False
sharp_90deg_turn,baseline_high_actor,2,124,5.579334954114746,6.630508283276223,0.5516351374453167,0.8486576035853929,0,4.0,0.0,6.816006088016884,2.090408204027066,45.84133529663086,1.3973751068115234,False,False
sharp_90deg_turn,baseline_high_actor,2,125,5.601200754930335,6.597866514842691,0.5156556487370686,0.7857730694737067,0,4.0,0.0,6.789380413945879,2.1283378885385784,45.8574333190918,2.3171181678771973,False,False
sharp_90deg_turn,baseline_high_actor,2,126,5.678727494908225,6.541031426073699,0.4737438056952527,1.9225631565156525,0,4.0,0.0,6.753015483400329,2.224121242618169,43.631690979003906,2.522664785385132,False,False
sharp_90deg_turn,baseline_high_actor,2,127,5.859642767026468,6.448997174951656,0.6193269801215108,4.059588110398062,0,4.0,0.0,6.711768454251704,2.421545164613248,40.95815658569336,1.86178457736969,False,False
sharp_90deg_turn,baseline_high_actor,2,128,6.0096021732104745,6.3810007775325275,0.6786445305468388,3.293103919711001,0,4.0,0.0,6.6899679982375835,2.5806315848881924,38.15066909790039,1.7878457307815552,False,False
sharp_90deg_turn,baseline_high_actor,2,129,6.1322122081461625,6.325454056882267,0.6508686306322206,2.6921113529665712,0,4.0,0.0,6.675155273571983,2.7111682013810197,36.33391571044922,2.037390947341919,False,False
sharp_90deg_turn,baseline_high_actor,2,130,6.0953589630163645,6.357025128094877,0.5942080767296659,0.9705450456539779,0,4.0,0.0,6.693451849615616,2.662685789499893,42.13088607788086,1.8738806247711182,False,False
sharp_90deg_turn,baseline_high_actor,2,131,5.9870861859710764,6.345973787011687,0.5916873644180174,2.176706354916589,0,4.0,0.0,6.649804118612558,2.585404073588796,48.616905212402344,1.9585857391357422,False,False
sharp_90deg_turn,baseline_high_actor,2,132,5.828725417144102,6.274142743984651,0.6425396236713512,3.477805736140093,0,4.0,0.0,6.535220258201258,2.5145218073124163,54.30900955200195,1.191176414489746,False,False
sharp_90deg_turn,baseline_high_actor,2,133,5.696420949099034,6.217451110912098,0.5943866207946683,2.8787784579659093,0,4.0,0.0,6.444729812267085,2.4607569117104156,55.30022430419922,1.784975290298462,False,False
sharp_90deg_turn,baseline_high_actor,2,134,5.602283816093824,6.200391986453435,0.47544212021192883,1.9134067563104957,0,4.0,0.0,6.4040748131945,2.4095440294249038,51.160369873046875,2.160442590713501,False,False
sharp_90deg_turn,baseline_high_actor,2,135,5.715755752528654,6.18828285724916,0.588644181546325,2.282324373822081,0,4.0,0.0,6.421733607341478,2.4952227972011713,49.6244010925293,2.2752339839935303,False,False
sharp_90deg_turn,baseline_high_actor,2,136,5.791136387932559,6.228952642556119,0.6338826187822814,1.7130407620147932,0,4.0,0.0,6.48135947031045,2.5188843368612717,44.521446228027344,1.5014625787734985,False,False
sharp_90deg_turn,baseline_high_actor,2,137,5.848533026272464,6.251306062011834,0.5876314615261217,1.2319171163816216,0,4.0,0.0,6.518888082347015,2.544603080634894,44.898319244384766,1.933311939239502,False,False
sharp_90deg_turn,baseline_high_actor,2,138,5.907339192361117,6.269978140046688,0.4814941990254807,1.2339873043408311,0,4.0,0.0,6.55366833699876,2.5750569761916093,40.88119888305664,2.1313977241516113,False,False
sharp_90deg_turn,baseline_high_actor,2,139,5.8048081381201575,6.205978093276595,0.619965303069146,2.4173227397545887,0,4.0,0.0,6.463087227452045,2.5447685586764526,41.83616638183594,2.2365291118621826,False,False
sharp_90deg_turn,baseline_high_actor,2,140,5.698951915113309,6.166770371367037,0.7186061030092864,2.2576789325865563,0,4.0,0.0,6.396522056792858,2.4994336320784614,52.645992279052734,1.7176024913787842,False,False
sharp_90deg_turn,baseline_high_actor,2,141,5.68447161186572,6.233726235018829,0.7220996563279498,1.3700754518637988,0,4.0,0.0,6.457304962934887,2.440730961011938,40.17710876464844,1.870336651802063,False,False
sharp_90deg_turn,baseline_high_actor,2,142,5.727091780512254,6.312577147644209,0.6704951203598138,1.7926455530655507,0,4.0,0.0,6.544576095002096,2.414589385582058,38.87750244140625,2.166865110397339,False,False
sharp_90deg_turn,baseline_high_actor,2,143,5.798807792394854,6.396121916597829,0.5405816103458043,2.2020821764737977,0,4.0,0.0,6.644252030587305,2.4100071328521557,37.55125045776367,2.0430119037628174,False,False
sharp_90deg_turn,baseline_high_actor,2,144,5.902719109369341,6.433119464567456,0.5406349156297491,2.206026323608793,0,4.0,0.0,6.708603882668579,2.4648437316545313,37.754798889160156,2.3419690132141113,False,False
sharp_90deg_turn,baseline_high_actor,2,145,5.994148711724318,6.430433056711605,0.49944677713815894,1.829381204009385,0,4.0,0.0,6.732540262138884,2.5377488989132537,43.647125244140625,2.007786750793457,False,False
sharp_90deg_turn,baseline_high_actor,2,146,6.0443916549066605,6.477850575083126,0.5191748486861945,1.3817053793247915,0,4.0,0.0,6.792796575178501,2.5488185715006795,37.381202697753906,2.3003368377685547,False,False
sharp_90deg_turn,baseline_high_actor,2,147,6.0707661818748635,6.533644268008493,0.5396620095848748,1.2342693130831124,0,4.0,0.0,6.8539463085785,2.537374964947228,35.021541595458984,1.996516466140747,False,False
sharp_90deg_turn,baseline_high_actor,2,148,5.942417370321518,6.5139236985082025,0.5993792121028103,2.5970997892704815,0,4.0,0.0,6.797366195116572,2.445691725132647,39.41423797607422,2.073653221130371,False,False
sharp_90deg_turn,baseline_high_actor,2,149,5.761273760006025,6.492718297857012,0.5950942761977034,3.647611633653377,0,4.0,0.0,6.727367698662904,2.3181853651726874,51.64789581298828,2.034531354904175,False,False
sharp_90deg_turn,baseline_high_actor,2,150,5.611019968569409,6.458147758955696,0.5146997804260223,3.08359037493669,0,4.0,0.0,6.656054222708365,2.2299537377135703,52.895973205566406,1.9229567050933838,False,False
sharp_90deg_turn,baseline_high_actor,2,151,5.551641859654476,6.427466954078658,0.526433566966284,1.3367230986582994,0,4.0,0.0,6.612104347815843,2.209174651571635,54.87104415893555,1.981965184211731,False,False
sharp_90deg_turn,baseline_high_actor,2,152,5.5559742621884505,6.402927357231234,0.5521758378334494,0.49838199211066336,0,4.0,0.0,6.589274212428335,2.229730237242457,48.97292709350586,1.4929887056350708,False,False
sharp_90deg_turn,baseline_high_actor,2,153,5.560952012399932,6.391786012483986,0.5082222790653673,0.24405537072142805,0,4.0,0.0,6.579627619736646,2.2411879471962086,49.776329040527344,1.892877459526062,False,False
sharp_90deg_turn,baseline_high_actor,2,154,5.550464554262895,6.4105761214216,0.41219387012946085,0.43037424275320907,0,4.0,0.0,6.595409505297336,2.220407304937732,48.86061477661133,1.9987868070602417,False,False
sharp_90deg_turn,baseline_high_actor,2,155,5.545071760365581,6.437011603468694,0.48359874750265575,0.5395987164851798,0,4.0,0.0,6.619846306967391,2.1977669285824417,46.881385803222656,1.9429668188095093,False,False
sharp_90deg_turn,baseline_high_actor,2,156,5.542765302378821,6.443554998555218,0.576004569328593,0.13875989003028089,0,4.0,0.0,6.625671724257847,2.191493970045654,46.49566650390625,2.0492303371429443,False,False
sharp_90deg_turn,baseline_high_actor,2,157,5.53887011218705,6.3952645592424355,0.6687346740839848,0.9689456198676124,0,4.0,0.0,6.577805865551592,2.2233526614115804,41.6784553527832,1.6258295774459839,False,False
sharp_90deg_turn,baseline_high_actor,2,158,5.510997859259184,6.3729336632429465,0.6955313460591428,0.7142916489543778,0,4.0,0.0,6.549610523289228,2.220463779234837,47.430320739746094,1.8095046281814575,False,False
sharp_90deg_turn,baseline_high_actor,2,159,5.491052297247981,6.353498355452816,0.6355353724195851,0.5569763488120085,0,4.0,0.0,6.526115100568647,2.2213069618188888,48.86256408691406,2.176576614379883,False,False
sharp_90deg_turn,baseline_high_actor,2,160,5.501105786645471,6.328685847684144,0.5066136375010853,0.53543746258021,0,4.0,0.0,6.504274220954871,2.2464660198702733,48.73595428466797,2.312065362930298,False,False
sharp_90deg_turn,baseline_high_actor,2,161,5.633210911239646,6.283128884961512,0.5925580650276125,2.7947952194430012,0,4.0,0.0,6.491924711950218,2.369604250976465,49.72358322143555,2.0826237201690674,False,False
sharp_90deg_turn,baseline_high_actor,2,162,5.769560901450658,6.239524478005501,0.6574143465275823,2.8630518078811393,0,4.0,0.0,6.485600318827293,2.4961209601068353,46.0783576965332,1.9289615154266357,False,False
sharp_90deg_turn,baseline_high_actor,2,163,5.854236257766347,6.2147889211737395,0.6265329452873716,1.7642861150013252,0,4.0,0.0,6.485506413099844,2.573940693873767,42.90658187866211,2.2583749294281006,False,False
sharp_90deg_turn,baseline_high_actor,2,164,5.829290823623503,6.222911129072397,0.5814268204660779,0.5246884583155945,0,4.0,0.0,6.486210591533878,2.5503626747127353,46.519012451171875,1.8207428455352783,False,False
sharp_90deg_turn,baseline_high_actor,2,165,5.667752961707282,6.192962905555074,0.6038985134399905,3.285810519449206,0,4.0,0.0,6.413594116473583,2.459020740454088,47.38288116455078,1.470860481262207,False,False
sharp_90deg_turn,baseline_high_actor,2,166,5.552355548906984,6.180844418336476,0.5703908510657455,2.3206396198866925,0,4.0,0.0,6.372805149532149,2.3914712585602733,55.057594299316406,1.9410064220428467,False,False
sharp_90deg_turn,baseline_high_actor,2,167,5.531237972617451,6.209361177765403,0.5067491559946522,0.709692214039724,0,4.0,0.0,6.39537770305443,2.3560723928774574,48.030364990234375,2.051701068878174,False,False
sharp_90deg_turn,baseline_high_actor,2,168,5.694534542430895,6.291743870784548,0.5612826929566365,3.6580146430501617,0,4.0,0.0,6.515941087137483,2.4061559214842334,39.63762283325195,2.1513166427612305,False,False
sharp_90deg_turn,baseline_high_actor,2,169,5.850986466362035,6.3544814765327855,0.5733413111704041,3.371243786899818,0,4.0,0.0,6.618578830402619,2.476667541219276,37.03984832763672,1.6382418870925903,False,False
sharp_90deg_turn,baseline_high_actor,2,170,5.973330923884579,6.407208550610929,0.5002387004402686,2.6644557138243217,0,4.0,0.0,6.704204378312237,2.5359454916078352,40.04887771606445,1.8319485187530518,False,False
sharp_90deg_turn,baseline_high_actor,2,171,6.070826776699188,6.4654593442684485,0.45952524293120434,2.271439744107576,0,4.0,0.0,6.788997574862032,2.5774286727642663,35.07508850097656,2.217670440673828,False,False
sharp_90deg_turn,baseline_high_actor,2,172,6.0274584083177585,6.503574904584441,0.5816132912998514,1.1547486850859636,0,4.0,0.0,6.812273786115682,2.5198959628619284,32.154537200927734,1.9367032051086426,False,False
sharp_90deg_turn,baseline_high_actor,2,173,5.871944203245632,6.503503821817577,0.5978827397134879,3.110284426349151,0,4.0,0.0,6.767550299810172,2.3965967352434414,48.91550827026367,2.0409295558929443,False,False
sharp_90deg_turn,baseline_high_actor,2,174,5.73012101681298,6.52151562714954,0.5268165621239257,2.8592475472562575,0,4.0,0.0,6.747109366830631,2.2757932185462275,47.86259460449219,1.9461592435836792,False,False
sharp_90deg_turn,baseline_high_actor,2,175,5.680477278282817,6.562081640518181,0.47458063456955013,1.2822015778926343,0,4.0,0.0,6.773840811507944,2.211699141239538,45.09941482543945,1.9826726913452148,False,False
sharp_90deg_turn,baseline_high_actor,2,176,5.7974249784649,6.614552501462438,0.520056152105697,2.5635877848132935,0,4.0,0.0,6.854417651982737,2.269405500216639,37.11388397216797,2.2882399559020996,False,False
sharp_90deg_turn,baseline_high_actor,2,177,5.954496565089173,6.639416207401222,0.5724731811856469,3.1805463177056117,0,4.0,0.0,6.921120169311281,2.3814376077545782,32.88898849487305,2.069244623184204,False,False
sharp_90deg_turn,baseline_high_actor,2,178,6.077339570203631,6.657241680795041,0.5550367542019271,2.4825915014165862,0,4.0,0.0,6.973822946307756,2.4735277628779375,37.759490966796875,2.0474424362182617,False,False
sharp_90deg_turn,baseline_high_actor,2,179,6.184955159020946,6.661982636156313,0.47791610851869143,2.154399370055141,0,4.0,0.0,7.011136975653839,2.562092799427737,32.159915924072266,2.3450398445129395,False,False
sharp_90deg_turn,baseline_high_actor,2,180,6.187385016949473,6.640666194506101,0.5715021307131836,0.4290896848816956,0,4.0,0.0,6.991645065306962,2.575352715092356,28.931062698364258,1.922945499420166,False,False
